,,queuing delay phase 0,queuing delay phase 1,queuing delay phase 2,queuing delay phase 3,queuing delay phase 4,network delay phase 1,network delay phase 2,network delay phase 3,network delay phase 4,avg chunk delay dimension 1,avg chunk delay dimension 2,,,,,,,,,,,,,,,,,,,,,,,,,,,,,,,,,,,,,
conv1,DDL_themis-Resnet50_DataParallel.txt-2d_switch.json-2d_switch_themis_scf.txt-100-16 64-6 1-25 100-1,0.000000,7.696344,0.262516,59967.011266,35.260375,0.088625,0.005615,0.005510,0.087938,10.851228,11.221338,,,,,,,,,,,,,,,,,,,,,,,,,,,,,,,,,,,,,
,DDL_themis-Resnet50_DataParallel.txt-3d_switch_homo.json-3d_switch_homo_themis_scf.txt-100-16 8 8-4 4 1-25 25 100-1,0.000000,6.466609,0.329531,0.231656,0.000000,44647.508344,23.140984,0.151234,0.017134,0.003246,0.003246,0.016632,0.149927,9.355148,9.161410,8.976430,,,,,,,,,,,,,,,,,,,,,,,,,,,,,,,,
,DDL_themis-Resnet50_DataParallel.txt-3d_switch_hetero.json-3d_switch_hetero_themis_scf.txt-100-16 8 8-8 4 1-25 25 50-1,0.000000,13.892734,8.776125,15.056313,0.000000,41044.756562,53.521781,0.129875,0.014944,0.003806,0.003806,0.014523,0.128589,7.811022,7.951587,7.854391,,,,,,,,,,,,,,,,,,,,,,,,,,,,,,,,
,DDL_themis-Resnet50_DataParallel.txt-3d_fc_ring_switch.json-3d_fc_ring_switch_themis_scf.txt-100-8 16 8-7 4 1-25 25 50-1,0.000000,16.128984,8.082172,14.546922,0.000000,42400.750813,54.125922,0.217807,0.017646,0.003302,0.003302,0.017141,0.216021,8.336724,8.486169,8.841013,,,,,,,,,,,,,,,,,,,,,,,,,,,,,,,,
,DDL_themis-Resnet50_DataParallel.txt-4d_ring_switch_switch_switch.json-4d_ring_switch_switch_switch_themis_scf.txt-100-4 4 8 8-2 8 4 1-125 25 25 50-1,0.000000,15.947578,7.374406,6.750063,18.437172,0.000219,0.274187,21911.123453,18.844297,0.096604,0.033609,0.008333,0.003766,0.003766,0.008156,0.032862,0.096000,4.535760,4.589616,4.712460,4.553889,,,,,,,,,,,,,,,,,,,,,,,,,,,
,DDL_themis-Resnet50_DataParallel.txt-4d_ring_fc_ring_switch.json-4d_ring_fc_ring_switch_themis_scf.txt-100-4 8 4 8-2 7 6 1-187.5 25 25 100-1,0.000000,2.722891,0.170609,0.107484,0.100844,0.000000,0.096609,17541.547891,6.843500,0.099031,0.030974,0.008844,0.002625,0.002625,0.008510,0.030609,0.098401,3.415086,3.405284,3.549777,3.426423,,,,,,,,,,,,,,,,,,,,,,,,,,,
layer_64_1_conv4,DDL_themis-Resnet50_DataParallel.txt-2d_switch.json-2d_switch_themis_scf.txt-100-16 64-6 1-25 100-1,0.000000,28.137359,0.384766,59956.402188,139.641188,0.153094,0.008281,0.008281,0.153094,,,,,,,,,,,,,,,,,,,,,,,,,,,,,,,,,,,,,,,
,DDL_themis-Resnet50_DataParallel.txt-3d_switch_homo.json-3d_switch_homo_themis_scf.txt-100-16 8 8-4 4 1-25 25 100-1,0.000000,23.028063,0.447250,0.373766,0.000000,44640.359297,64.027594,0.262583,0.028158,0.003798,0.003798,0.028158,0.262583,,,,,,,,,,,,,,,,,,,,,,,,,,,,,,,,,,,
,DDL_themis-Resnet50_DataParallel.txt-3d_switch_hetero.json-3d_switch_hetero_themis_scf.txt-100-16 8 8-8 4 1-25 25 50-1,0.000000,26.995969,8.856281,15.293344,0.000000,41042.291766,101.133313,0.225151,0.024332,0.004755,0.004755,0.024332,0.225151,,,,,,,,,,,,,,,,,,,,,,,,,,,,,,,,,,,
,DDL_themis-Resnet50_DataParallel.txt-3d_fc_ring_switch.json-3d_fc_ring_switch_themis_scf.txt-100-8 16 8-7 4 1-25 25 50-1,0.000000,30.247672,8.558125,13.728094,0.000000,42399.267813,106.992016,0.378839,0.029672,0.004245,0.004245,0.029672,0.378839,,,,,,,,,,,,,,,,,,,,,,,,,,,,,,,,,,,
,DDL_themis-Resnet50_DataParallel.txt-4d_ring_switch_switch_switch.json-4d_ring_switch_switch_switch_themis_scf.txt-100-4 4 8 8-2 8 4 1-125 25 25 50-1,0.000000,19.081234,13.353516,13.252672,21.748188,0.000000,0.308703,21758.094391,28.494656,0.166547,0.057143,0.015151,0.004490,0.004490,0.015151,0.057143,0.166547,,,,,,,,,,,,,,,,,,,,,,,,,,,,,,,
,DDL_themis-Resnet50_DataParallel.txt-4d_ring_fc_ring_switch.json-4d_ring_fc_ring_switch_themis_scf.txt-100-4 8 4 8-2 7 6 1-187.5 25 25 100-1,0.000000,4.116891,0.309844,0.240016,0.243484,0.000000,0.193047,16164.508344,10.148906,0.158224,0.067500,0.011828,0.002583,0.002583,0.011828,0.067500,0.158224,,,,,,,,,,,,,,,,,,,,,,,,,,,,,,,
layer_64_1_conv1,DDL_themis-Resnet50_DataParallel.txt-2d_switch.json-2d_switch_themis_scf.txt-100-16 64-6 1-25 100-1,0.000000,3.632203,0.116875,59982.085047,26.995687,0.039250,0.003240,0.003240,0.039250,,,,,,,,,,,,,,,,,,,,,,,,,,,,,,,,,,,,,,,
,DDL_themis-Resnet50_DataParallel.txt-3d_switch_homo.json-3d_switch_homo_themis_scf.txt-100-16 8 8-4 4 1-25 25 100-1,0.000000,3.608375,0.156672,0.095422,0.000000,44661.585781,20.699141,0.066703,0.008017,0.002082,0.002082,0.008017,0.066703,,,,,,,,,,,,,,,,,,,,,,,,,,,,,,,,,,,
,DDL_themis-Resnet50_DataParallel.txt-3d_switch_hetero.json-3d_switch_hetero_themis_scf.txt-100-16 8 8-8 4 1-25 25 50-1,0.000000,11.616281,11.123016,23.828125,0.000000,41047.371016,50.606094,0.057313,0.007059,0.002208,0.002208,0.007059,0.057313,,,,,,,,,,,,,,,,,,,,,,,,,,,,,,,,,,,
,DDL_themis-Resnet50_DataParallel.txt-3d_fc_ring_switch.json-3d_fc_ring_switch_themis_scf.txt-100-8 16 8-7 4 1-25 25 50-1,0.000000,13.429609,10.275516,23.752000,0.000000,42402.957078,51.446438,0.095339,0.007719,0.001833,0.001833,0.007719,0.095339,,,,,,,,,,,,,,,,,,,,,,,,,,,,,,,,,,,
,DDL_themis-Resnet50_DataParallel.txt-4d_ring_switch_switch_switch.json-4d_ring_switch_switch_switch_themis_scf.txt-100-4 4 8 8-2 8 4 1-125 25 25 50-1,0.000000,7.166594,8.187062,12.341016,23.111953,0.000000,0.450094,21768.873437,22.508781,0.042125,0.014979,0.004570,0.002135,0.002135,0.004570,0.014979,0.042125,,,,,,,,,,,,,,,,,,,,,,,,,,,,,,,
,DDL_themis-Resnet50_DataParallel.txt-4d_ring_fc_ring_switch.json-4d_ring_fc_ring_switch_themis_scf.txt-100-4 8 4 8-2 7 6 1-187.5 25 25 100-1,0.000000,1.373297,0.132969,0.053203,0.049813,0.000000,0.075578,16169.675094,7.691281,0.039797,0.017063,0.003609,0.001437,0.001437,0.003609,0.017063,0.039797,,,,,,,,,,,,,,,,,,,,,,,,,,,,,,,
layer_64_1_conv2,DDL_themis-Resnet50_DataParallel.txt-2d_switch.json-2d_switch_themis_scf.txt-100-16 64-6 1-25 100-1,0.000000,215.064938,0.895328,59789.198297,346.059375,0.343094,0.017323,0.017323,0.343094,,,,,,,,,,,,,,,,,,,,,,,,,,,,,,,,,,,,,,,
,DDL_themis-Resnet50_DataParallel.txt-3d_switch_homo.json-3d_switch_homo_themis_scf.txt-100-16 8 8-4 4 1-25 25 100-1,0.000000,176.942406,1.043828,0.821719,0.000000,44506.370719,146.750047,0.588948,0.062138,0.007596,0.007596,0.062138,0.588948,,,,,,,,,,,,,,,,,,,,,,,,,,,,,,,,,,,
,DDL_themis-Resnet50_DataParallel.txt-3d_switch_hetero.json-3d_switch_hetero_themis_scf.txt-100-16 8 8-8 4 1-25 25 50-1,0.000000,160.790672,0.842187,0.737109,0.000000,40952.015203,171.457031,0.504896,0.053500,0.009483,0.009483,0.053500,0.504896,,,,,,,,,,,,,,,,,,,,,,,,,,,,,,,,,,,
,DDL_themis-Resnet50_DataParallel.txt-3d_fc_ring_switch.json-3d_fc_ring_switch_themis_scf.txt-100-8 16 8-7 4 1-25 25 50-1,0.000000,175.196844,0.954375,0.813484,0.000000,42307.386875,173.165016,0.851969,0.066109,0.008865,0.008865,0.066109,0.851969,,,,,,,,,,,,,,,,,,,,,,,,,,,,,,,,,,,
,DDL_themis-Resnet50_DataParallel.txt-4d_ring_switch_switch_switch.json-4d_ring_switch_switch_switch_themis_scf.txt-100-4 4 8 8-2 8 4 1-125 25 25 50-1,0.000000,96.651219,17.977172,8.175500,0.221969,0.000000,0.589609,21732.915641,45.659328,0.373187,0.127609,0.033010,0.008885,0.008885,0.033010,0.127609,0.373187,,,,,,,,,,,,,,,,,,,,,,,,,,,,,,,
,DDL_themis-Resnet50_DataParallel.txt-4d_ring_fc_ring_switch.json-4d_ring_fc_ring_switch_themis_scf.txt-100-4 8 4 8-2 7 6 1-187.5 25 25 100-1,0.000000,48.380469,0.523828,0.428422,0.400766,0.000000,0.444969,16134.984625,26.327547,0.355870,0.151250,0.026594,0.005292,0.005292,0.026594,0.151250,0.355870,,,,,,,,,,,,,,,,,,,,,,,,,,,,,,,
layer_64_1_conv3,DDL_themis-Resnet50_DataParallel.txt-2d_switch.json-2d_switch_themis_scf.txt-100-16 64-6 1-25 100-1,0.000000,42.798219,0.408938,59953.820656,128.579187,0.153094,0.008281,0.008281,0.153094,,,,,,,,,,,,,,,,,,,,,,,,,,,,,,,,,,,,,,,
,DDL_themis-Resnet50_DataParallel.txt-3d_switch_homo.json-3d_switch_homo_themis_scf.txt-100-16 8 8-4 4 1-25 25 100-1,0.000000,32.293312,0.417781,0.304297,0.000000,44642.955156,61.436594,0.262583,0.028158,0.003798,0.003798,0.028158,0.262583,,,,,,,,,,,,,,,,,,,,,,,,,,,,,,,,,,,
,DDL_themis-Resnet50_DataParallel.txt-3d_switch_hetero.json-3d_switch_hetero_themis_scf.txt-100-16 8 8-8 4 1-25 25 50-1,0.000000,37.866000,10.761828,17.386297,0.000000,41039.794328,99.465063,0.225151,0.024332,0.004755,0.004755,0.024332,0.225151,,,,,,,,,,,,,,,,,,,,,,,,,,,,,,,,,,,
,DDL_themis-Resnet50_DataParallel.txt-3d_fc_ring_switch.json-3d_fc_ring_switch_themis_scf.txt-100-8 16 8-7 4 1-25 25 50-1,0.000000,41.906047,11.562406,14.743359,0.000000,42395.930859,104.413906,0.378839,0.029672,0.004245,0.004245,0.029672,0.378839,,,,,,,,,,,,,,,,,,,,,,,,,,,,,,,,,,,
,DDL_themis-Resnet50_DataParallel.txt-4d_ring_switch_switch_switch.json-4d_ring_switch_switch_switch_themis_scf.txt-100-4 4 8 8-2 8 4 1-125 25 25 50-1,0.000000,21.888734,15.591297,16.912922,28.538344,0.000000,0.314031,21756.228594,26.714141,0.166547,0.057143,0.015151,0.004490,0.004490,0.015151,0.057143,0.166547,,,,,,,,,,,,,,,,,,,,,,,,,,,,,,,
,DDL_themis-Resnet50_DataParallel.txt-4d_ring_fc_ring_switch.json-4d_ring_fc_ring_switch_themis_scf.txt-100-4 8 4 8-2 7 6 1-187.5 25 25 100-1,0.000000,4.920344,0.278219,0.226516,0.169313,0.000000,0.149891,16173.047297,12.311266,0.158224,0.067500,0.011828,0.002583,0.002583,0.011828,0.067500,0.158224,,,,,,,,,,,,,,,,,,,,,,,,,,,,,,,
layer_64_2_conv1,DDL_themis-Resnet50_DataParallel.txt-2d_switch.json-2d_switch_themis_scf.txt-100-16 64-6 1-25 100-1,0.000000,75.495594,0.440906,59926.491062,106.977500,0.153094,0.008281,0.008281,0.153094,,,,,,,,,,,,,,,,,,,,,,,,,,,,,,,,,,,,,,,
,DDL_themis-Resnet50_DataParallel.txt-3d_switch_homo.json-3d_switch_homo_themis_scf.txt-100-16 8 8-4 4 1-25 25 100-1,0.000000,64.176422,0.497578,0.407047,0.000000,44616.722844,49.762672,0.262583,0.028158,0.003798,0.003798,0.028158,0.262583,,,,,,,,,,,,,,,,,,,,,,,,,,,,,,,,,,,
,DDL_themis-Resnet50_DataParallel.txt-3d_switch_hetero.json-3d_switch_hetero_themis_scf.txt-100-16 8 8-8 4 1-25 25 50-1,0.000000,63.665297,4.799672,5.471047,0.000000,41036.367453,85.252953,0.225151,0.024332,0.004755,0.004755,0.024332,0.225151,,,,,,,,,,,,,,,,,,,,,,,,,,,,,,,,,,,
,DDL_themis-Resnet50_DataParallel.txt-3d_fc_ring_switch.json-3d_fc_ring_switch_themis_scf.txt-100-8 16 8-7 4 1-25 25 50-1,0.000000,70.657359,4.513937,4.615078,0.000000,42392.303813,78.719625,0.378839,0.029672,0.004245,0.004245,0.029672,0.378839,,,,,,,,,,,,,,,,,,,,,,,,,,,,,,,,,,,
,DDL_themis-Resnet50_DataParallel.txt-4d_ring_switch_switch_switch.json-4d_ring_switch_switch_switch_themis_scf.txt-100-4 4 8 8-2 8 4 1-125 25 25 50-1,0.000000,41.238469,14.260344,13.512438,15.047047,0.000000,0.381031,21755.745172,28.622031,0.166547,0.057143,0.015151,0.004490,0.004490,0.015151,0.057143,0.166547,,,,,,,,,,,,,,,,,,,,,,,,,,,,,,,
,DDL_themis-Resnet50_DataParallel.txt-4d_ring_fc_ring_switch.json-4d_ring_fc_ring_switch_themis_scf.txt-100-4 8 4 8-2 7 6 1-187.5 25 25 100-1,0.000000,16.726406,0.330172,0.192031,0.170234,0.001219,0.186078,16165.928047,10.696359,0.158224,0.067500,0.011828,0.002583,0.002583,0.011828,0.067500,0.158224,,,,,,,,,,,,,,,,,,,,,,,,,,,,,,,
layer_64_2_conv2,DDL_themis-Resnet50_DataParallel.txt-2d_switch.json-2d_switch_themis_scf.txt-100-16 64-6 1-25 100-1,0.000000,283.585266,0.959906,59737.393719,289.061922,0.343094,0.017323,0.017323,0.343094,,,,,,,,,,,,,,,,,,,,,,,,,,,,,,,,,,,,,,,
,DDL_themis-Resnet50_DataParallel.txt-3d_switch_homo.json-3d_switch_homo_themis_scf.txt-100-16 8 8-4 4 1-25 25 100-1,0.000000,236.734297,1.060094,0.941672,0.000000,44463.873562,119.456937,0.588948,0.062138,0.007596,0.007596,0.062138,0.588948,,,,,,,,,,,,,,,,,,,,,,,,,,,,,,,,,,,
,DDL_themis-Resnet50_DataParallel.txt-3d_switch_hetero.json-3d_switch_hetero_themis_scf.txt-100-16 8 8-8 4 1-25 25 50-1,0.000000,213.882641,0.952359,0.708531,0.000000,40915.364172,146.027109,0.504896,0.053500,0.009483,0.009483,0.053500,0.504896,,,,,,,,,,,,,,,,,,,,,,,,,,,,,,,,,,,
,DDL_themis-Resnet50_DataParallel.txt-3d_fc_ring_switch.json-3d_fc_ring_switch_themis_scf.txt-100-8 16 8-7 4 1-25 25 50-1,0.000000,231.438047,1.163078,0.910641,0.000000,42269.245391,143.607438,0.851969,0.066109,0.008865,0.008865,0.066109,0.851969,,,,,,,,,,,,,,,,,,,,,,,,,,,,,,,,,,,
,DDL_themis-Resnet50_DataParallel.txt-4d_ring_switch_switch_switch.json-4d_ring_switch_switch_switch_themis_scf.txt-100-4 4 8 8-2 8 4 1-125 25 25 50-1,0.000000,133.610047,14.087938,1.709766,0.234844,0.000000,0.485406,21723.212859,44.035047,0.373187,0.127609,0.033010,0.008885,0.008885,0.033010,0.127609,0.373187,,,,,,,,,,,,,,,,,,,,,,,,,,,,,,,
,DDL_themis-Resnet50_DataParallel.txt-4d_ring_fc_ring_switch.json-4d_ring_fc_ring_switch_themis_scf.txt-100-4 8 4 8-2 7 6 1-187.5 25 25 100-1,0.000000,79.404844,0.781781,0.481109,0.547813,0.000000,0.451594,16120.851000,16.723547,0.355870,0.151250,0.026594,0.005292,0.005292,0.026594,0.151250,0.355870,,,,,,,,,,,,,,,,,,,,,,,,,,,,,,,
layer_64_2_conv3,DDL_themis-Resnet50_DataParallel.txt-2d_switch.json-2d_switch_themis_scf.txt-100-16 64-6 1-25 100-1,0.000000,71.804703,0.447828,59938.792781,110.696750,0.153094,0.008281,0.008281,0.153094,,,,,,,,,,,,,,,,,,,,,,,,,,,,,,,,,,,,,,,
,DDL_themis-Resnet50_DataParallel.txt-3d_switch_homo.json-3d_switch_homo_themis_scf.txt-100-16 8 8-4 4 1-25 25 100-1,0.000000,54.476859,0.451859,0.351594,0.000000,44634.337453,56.108891,0.262583,0.028158,0.003798,0.003798,0.028158,0.262583,,,,,,,,,,,,,,,,,,,,,,,,,,,,,,,,,,,
,DDL_themis-Resnet50_DataParallel.txt-3d_switch_hetero.json-3d_switch_hetero_themis_scf.txt-100-16 8 8-8 4 1-25 25 50-1,0.000000,56.059969,12.153750,22.062109,0.000000,41031.650156,73.870063,0.225151,0.024332,0.004755,0.004755,0.024332,0.225151,,,,,,,,,,,,,,,,,,,,,,,,,,,,,,,,,,,
,DDL_themis-Resnet50_DataParallel.txt-3d_fc_ring_switch.json-3d_fc_ring_switch_themis_scf.txt-100-8 16 8-7 4 1-25 25 50-1,0.000000,65.510828,13.408594,18.034047,0.000000,42387.099875,71.587922,0.378839,0.029672,0.004245,0.004245,0.029672,0.378839,,,,,,,,,,,,,,,,,,,,,,,,,,,,,,,,,,,
,DDL_themis-Resnet50_DataParallel.txt-4d_ring_switch_switch_switch.json-4d_ring_switch_switch_switch_themis_scf.txt-100-4 4 8 8-2 8 4 1-125 25 25 50-1,0.000000,23.004906,17.962750,20.985063,37.613687,0.000000,0.325219,21754.951969,24.943969,0.166547,0.057143,0.015151,0.004490,0.004490,0.015151,0.057143,0.166547,,,,,,,,,,,,,,,,,,,,,,,,,,,,,,,
,DDL_themis-Resnet50_DataParallel.txt-4d_ring_fc_ring_switch.json-4d_ring_fc_ring_switch_themis_scf.txt-100-4 8 4 8-2 7 6 1-187.5 25 25 100-1,0.000000,4.866016,0.352797,0.210813,0.205781,0.000000,0.197203,16182.457516,15.436391,0.158224,0.067500,0.011828,0.002583,0.002583,0.011828,0.067500,0.158224,,,,,,,,,,,,,,,,,,,,,,,,,,,,,,,
layer_64_3_conv1,DDL_themis-Resnet50_DataParallel.txt-2d_switch.json-2d_switch_themis_scf.txt-100-16 64-6 1-25 100-1,0.000000,121.601000,0.445203,59895.883969,70.558328,0.153094,0.008281,0.008281,0.153094,,,,,,,,,,,,,,,,,,,,,,,,,,,,,,,,,,,,,,,
,DDL_themis-Resnet50_DataParallel.txt-3d_switch_homo.json-3d_switch_homo_themis_scf.txt-100-16 8 8-4 4 1-25 25 100-1,0.000000,99.552391,0.455469,0.399953,0.000000,44596.482516,38.164703,0.262583,0.028158,0.003798,0.003798,0.028158,0.262583,,,,,,,,,,,,,,,,,,,,,,,,,,,,,,,,,,,
,DDL_themis-Resnet50_DataParallel.txt-3d_switch_hetero.json-3d_switch_hetero_themis_scf.txt-100-16 8 8-8 4 1-25 25 50-1,0.000000,98.345578,4.294250,5.835125,0.000000,41019.648766,59.797109,0.225151,0.024332,0.004755,0.004755,0.024332,0.225151,,,,,,,,,,,,,,,,,,,,,,,,,,,,,,,,,,,
,DDL_themis-Resnet50_DataParallel.txt-3d_fc_ring_switch.json-3d_fc_ring_switch_themis_scf.txt-100-8 16 8-7 4 1-25 25 50-1,0.000000,107.569625,4.316422,5.867188,0.000000,42375.849016,59.362922,0.378839,0.029672,0.004245,0.004245,0.029672,0.378839,,,,,,,,,,,,,,,,,,,,,,,,,,,,,,,,,,,
,DDL_themis-Resnet50_DataParallel.txt-4d_ring_switch_switch_switch.json-4d_ring_switch_switch_switch_themis_scf.txt-100-4 4 8 8-2 8 4 1-125 25 25 50-1,0.000000,56.736859,15.274188,14.326031,12.402797,0.000000,0.443844,21753.674766,29.061734,0.166547,0.057143,0.015151,0.004490,0.004490,0.015151,0.057143,0.166547,,,,,,,,,,,,,,,,,,,,,,,,,,,,,,,
,DDL_themis-Resnet50_DataParallel.txt-4d_ring_fc_ring_switch.json-4d_ring_fc_ring_switch_themis_scf.txt-100-4 8 4 8-2 7 6 1-187.5 25 25 100-1,0.000000,25.630328,0.302922,0.224781,0.242141,0.000219,0.199672,16168.660609,10.949094,0.158224,0.067500,0.011828,0.002583,0.002583,0.011828,0.067500,0.158224,,,,,,,,,,,,,,,,,,,,,,,,,,,,,,,
layer_64_3_conv2,DDL_themis-Resnet50_DataParallel.txt-2d_switch.json-2d_switch_themis_scf.txt-100-16 64-6 1-25 100-1,0.000000,352.093687,0.932187,59685.686359,232.134828,0.343094,0.017323,0.017323,0.343094,,,,,,,,,,,,,,,,,,,,,,,,,,,,,,,,,,,,,,,
,DDL_themis-Resnet50_DataParallel.txt-3d_switch_homo.json-3d_switch_homo_themis_scf.txt-100-16 8 8-4 4 1-25 25 100-1,0.000000,296.550813,0.960172,1.111906,0.000000,44421.383781,92.049609,0.588948,0.062138,0.007596,0.007596,0.062138,0.588948,,,,,,,,,,,,,,,,,,,,,,,,,,,,,,,,,,,
,DDL_themis-Resnet50_DataParallel.txt-3d_switch_hetero.json-3d_switch_hetero_themis_scf.txt-100-16 8 8-8 4 1-25 25 50-1,0.000000,267.076641,1.163625,1.217344,0.000000,40879.227797,119.342016,0.504896,0.053500,0.009483,0.009483,0.053500,0.504896,,,,,,,,,,,,,,,,,,,,,,,,,,,,,,,,,,,
,DDL_themis-Resnet50_DataParallel.txt-3d_fc_ring_switch.json-3d_fc_ring_switch_themis_scf.txt-100-8 16 8-7 4 1-25 25 50-1,0.000000,287.614422,1.284734,1.292703,0.000000,42230.961438,114.059297,0.851969,0.066109,0.008865,0.008865,0.066109,0.851969,,,,,,,,,,,,,,,,,,,,,,,,,,,,,,,,,,,
,DDL_themis-Resnet50_DataParallel.txt-4d_ring_switch_switch_switch.json-4d_ring_switch_switch_switch_themis_scf.txt-100-4 4 8 8-2 8 4 1-125 25 25 50-1,0.000000,172.624578,9.703266,0.561516,0.452172,0.000000,0.487766,21707.589969,35.546844,0.373187,0.127609,0.033010,0.008885,0.008885,0.033010,0.127609,0.373187,,,,,,,,,,,,,,,,,,,,,,,,,,,,,,,
,DDL_themis-Resnet50_DataParallel.txt-4d_ring_fc_ring_switch.json-4d_ring_fc_ring_switch_themis_scf.txt-100-4 8 4 8-2 7 6 1-187.5 25 25 100-1,0.000000,110.518328,0.674813,0.556703,0.450859,0.000000,0.574078,16107.029656,12.460000,0.355870,0.151250,0.026594,0.005292,0.005292,0.026594,0.151250,0.355870,,,,,,,,,,,,,,,,,,,,,,,,,,,,,,,
layer_64_3_conv3,DDL_themis-Resnet50_DataParallel.txt-2d_switch.json-2d_switch_themis_scf.txt-100-16 64-6 1-25 100-1,0.000000,108.104734,0.455844,59917.043375,86.663172,0.153094,0.008281,0.008281,0.153094,,,,,,,,,,,,,,,,,,,,,,,,,,,,,,,,,,,,,,,
,DDL_themis-Resnet50_DataParallel.txt-3d_switch_homo.json-3d_switch_homo_themis_scf.txt-100-16 8 8-4 4 1-25 25 100-1,0.000000,83.783687,0.527359,0.416016,0.000000,44619.350688,47.449484,0.262583,0.028158,0.003798,0.003798,0.028158,0.262583,,,,,,,,,,,,,,,,,,,,,,,,,,,,,,,,,,,
,DDL_themis-Resnet50_DataParallel.txt-3d_switch_hetero.json-3d_switch_hetero_themis_scf.txt-100-16 8 8-8 4 1-25 25 50-1,0.000000,80.039922,12.911766,25.742078,0.000000,41018.599578,61.449484,0.225151,0.024332,0.004755,0.004755,0.024332,0.225151,,,,,,,,,,,,,,,,,,,,,,,,,,,,,,,,,,,
,DDL_themis-Resnet50_DataParallel.txt-3d_fc_ring_switch.json-3d_fc_ring_switch_themis_scf.txt-100-8 16 8-7 4 1-25 25 50-1,0.000000,93.289844,14.534937,20.645531,0.000000,42373.319906,53.616281,0.378839,0.029672,0.004245,0.004245,0.029672,0.378839,,,,,,,,,,,,,,,,,,,,,,,,,,,,,,,,,,,
,DDL_themis-Resnet50_DataParallel.txt-4d_ring_switch_switch_switch.json-4d_ring_switch_switch_switch_themis_scf.txt-100-4 4 8 8-2 8 4 1-125 25 25 50-1,0.000000,28.621750,20.313000,24.923422,42.201719,0.000000,0.419719,21752.607781,22.839406,0.166547,0.057143,0.015151,0.004490,0.004490,0.015151,0.057143,0.166547,,,,,,,,,,,,,,,,,,,,,,,,,,,,,,,
,DDL_themis-Resnet50_DataParallel.txt-4d_ring_fc_ring_switch.json-4d_ring_fc_ring_switch_themis_scf.txt-100-4 8 4 8-2 7 6 1-187.5 25 25 100-1,0.000000,5.293281,0.367281,0.238437,0.233641,0.000000,0.263750,16191.411094,17.627766,0.158224,0.067500,0.011828,0.002583,0.002583,0.011828,0.067500,0.158224,,,,,,,,,,,,,,,,,,,,,,,,,,,,,,,
layer_128_1_conv4,DDL_themis-Resnet50_DataParallel.txt-2d_switch.json-2d_switch_themis_scf.txt-100-16 64-6 1-25 100-1,0.000000,1156.243688,2.947500,58938.922406,1240.844219,1.215875,0.057198,0.057198,1.215875,,,,,,,,,,,,,,,,,,,,,,,,,,,,,,,,,,,,,,,
,DDL_themis-Resnet50_DataParallel.txt-3d_switch_homo.json-3d_switch_homo_themis_scf.txt-100-16 8 8-4 4 1-25 25 100-1,0.000000,966.266875,3.192328,2.934125,0.000000,43815.452656,482.146859,2.090052,0.216583,0.022139,0.022139,0.216583,2.090052,,,,,,,,,,,,,,,,,,,,,,,,,,,,,,,,,,,
,DDL_themis-Resnet50_DataParallel.txt-3d_switch_hetero.json-3d_switch_hetero_themis_scf.txt-100-16 8 8-8 4 1-25 25 50-1,0.000000,838.631062,2.800813,2.483578,0.000000,40361.445125,499.636469,1.790823,0.185967,0.029126,0.029126,0.185967,1.790823,,,,,,,,,,,,,,,,,,,,,,,,,,,,,,,,,,,
,DDL_themis-Resnet50_DataParallel.txt-3d_fc_ring_switch.json-3d_fc_ring_switch_themis_scf.txt-100-8 16 8-7 4 1-25 25 50-1,0.000000,911.409281,2.671031,2.595422,0.000000,41686.142906,514.182328,3.027875,0.232833,0.027906,0.027906,0.232833,3.027875,,,,,,,,,,,,,,,,,,,,,,,,,,,,,,,,,,,
,DDL_themis-Resnet50_DataParallel.txt-4d_ring_switch_switch_switch.json-4d_ring_switch_switch_switch_themis_scf.txt-100-4 4 8 8-2 8 4 1-125 25 25 50-1,0.000000,519.050406,7.935891,1.276125,1.187797,0.000000,1.725375,21458.214984,118.505047,1.324016,0.449701,0.113865,0.027250,0.027250,0.113865,0.449701,1.324016,,,,,,,,,,,,,,,,,,,,,,,,,,,,,,,
,DDL_themis-Resnet50_DataParallel.txt-4d_ring_fc_ring_switch.json-4d_ring_fc_ring_switch_themis_scf.txt-100-4 8 4 8-2 7 6 1-187.5 25 25 100-1,0.000000,363.010063,1.897000,1.356719,1.210281,0.000000,1.198406,15916.805094,62.611266,1.263083,0.535370,0.091906,0.015479,0.015479,0.091906,0.535370,1.263083,,,,,,,,,,,,,,,,,,,,,,,,,,,,,,,
layer_128_1_conv1,DDL_themis-Resnet50_DataParallel.txt-2d_switch.json-2d_switch_themis_scf.txt-100-16 64-6 1-25 100-1,0.000000,178.974766,0.772484,59855.381031,195.732531,0.304906,0.015271,0.015271,0.304906,,,,,,,,,,,,,,,,,,,,,,,,,,,,,,,,,,,,,,,
,DDL_themis-Resnet50_DataParallel.txt-3d_switch_homo.json-3d_switch_homo_themis_scf.txt-100-16 8 8-4 4 1-25 25 100-1,0.000000,151.994281,0.687734,0.782250,0.000438,44561.274781,86.020969,0.523552,0.055121,0.006514,0.006514,0.055121,0.523552,,,,,,,,,,,,,,,,,,,,,,,,,,,,,,,,,,,
,DDL_themis-Resnet50_DataParallel.txt-3d_switch_hetero.json-3d_switch_hetero_themis_scf.txt-100-16 8 8-8 4 1-25 25 50-1,0.000000,142.105938,5.509781,7.283922,0.001313,40990.808266,111.932359,0.448776,0.047441,0.008275,0.008275,0.047441,0.448776,,,,,,,,,,,,,,,,,,,,,,,,,,,,,,,,,,,
,DDL_themis-Resnet50_DataParallel.txt-3d_fc_ring_switch.json-3d_fc_ring_switch_themis_scf.txt-100-8 16 8-7 4 1-25 25 50-1,0.000000,153.205016,5.751812,7.131344,0.000000,42346.817797,109.832172,0.757469,0.058609,0.007656,0.007656,0.058609,0.757469,,,,,,,,,,,,,,,,,,,,,,,,,,,,,,,,,,,
,DDL_themis-Resnet50_DataParallel.txt-4d_ring_switch_switch_switch.json-4d_ring_switch_switch_switch_themis_scf.txt-100-4 4 8 8-2 8 4 1-125 25 25 50-1,0.000000,88.430594,23.138922,16.109484,9.002297,0.000000,0.534188,21743.556000,34.322875,0.331641,0.113365,0.029253,0.007750,0.007750,0.029253,0.113365,0.331641,,,,,,,,,,,,,,,,,,,,,,,,,,,,,,,
,DDL_themis-Resnet50_DataParallel.txt-4d_ring_fc_ring_switch.json-4d_ring_fc_ring_switch_themis_scf.txt-100-4 8 4 8-2 7 6 1-187.5 25 25 100-1,0.000000,45.379359,0.460750,0.308641,0.295078,0.001094,0.372406,16163.907469,17.822891,0.316318,0.134391,0.023266,0.004667,0.004667,0.023266,0.134391,0.316318,,,,,,,,,,,,,,,,,,,,,,,,,,,,,,,
layer_128_1_conv2,DDL_themis-Resnet50_DataParallel.txt-2d_switch.json-2d_switch_themis_scf.txt-100-16 64-6 1-25 100-1,0.000000,1566.664000,3.657109,58561.688266,2043.058313,1.367844,0.064479,0.064479,1.367844,,,,,,,,,,,,,,,,,,,,,,,,,,,,,,,,,,,,,,,
,DDL_themis-Resnet50_DataParallel.txt-3d_switch_homo.json-3d_switch_homo_themis_scf.txt-100-16 8 8-4 4 1-25 25 100-1,0.000000,1312.698016,3.957328,3.209484,0.000000,43508.013063,802.950266,2.351021,0.243741,0.024938,0.024938,0.243741,2.351021,,,,,,,,,,,,,,,,,,,,,,,,,,,,,,,,,,,
,DDL_themis-Resnet50_DataParallel.txt-3d_switch_hetero.json-3d_switch_hetero_themis_scf.txt-100-16 8 8-8 4 1-25 25 50-1,0.000000,1133.887453,4.106797,5.202016,0.000000,40094.110266,813.384859,2.014448,0.209284,0.032882,0.032882,0.209284,2.014448,,,,,,,,,,,,,,,,,,,,,,,,,,,,,,,,,,,
,DDL_themis-Resnet50_DataParallel.txt-3d_fc_ring_switch.json-3d_fc_ring_switch_themis_scf.txt-100-8 16 8-7 4 1-25 25 50-1,0.000000,1229.470266,3.315016,4.419141,0.004250,41411.293016,851.415859,3.406505,0.262240,0.031526,0.031526,0.262240,3.406505,,,,,,,,,,,,,,,,,,,,,,,,,,,,,,,,,,,
,DDL_themis-Resnet50_DataParallel.txt-4d_ring_switch_switch_switch.json-4d_ring_switch_switch_switch_themis_scf.txt-100-4 4 8 8-2 8 4 1-125 25 25 50-1,0.000000,700.893328,3.348625,1.627391,1.659188,0.000000,1.961391,21334.501875,196.451875,1.489594,0.505922,0.128203,0.030802,0.030802,0.128203,0.505922,1.489594,,,,,,,,,,,,,,,,,,,,,,,,,,,,,,,
,DDL_themis-Resnet50_DataParallel.txt-4d_ring_fc_ring_switch.json-4d_ring_fc_ring_switch_themis_scf.txt-100-4 8 4 8-2 7 6 1-187.5 25 25 100-1,0.000000,500.211391,2.745047,1.557438,1.721406,0.000000,1.705828,15820.780094,115.234141,1.421177,0.602260,0.103453,0.017625,0.017625,0.103453,0.602260,1.421177,,,,,,,,,,,,,,,,,,,,,,,,,,,,,,,
layer_128_1_conv3,DDL_themis-Resnet50_DataParallel.txt-2d_switch.json-2d_switch_themis_scf.txt-100-16 64-6 1-25 100-1,0.000000,414.066047,1.460406,59641.519797,958.084687,0.608531,0.029250,0.029250,0.608531,,,,,,,,,,,,,,,,,,,,,,,,,,,,,,,,,,,,,,,
,DDL_themis-Resnet50_DataParallel.txt-3d_switch_homo.json-3d_switch_homo_themis_scf.txt-100-16 8 8-4 4 1-25 25 100-1,0.000000,344.803906,1.882500,1.388625,0.000000,44389.497984,397.281938,1.045719,0.109043,0.011723,0.011723,0.109043,1.045719,,,,,,,,,,,,,,,,,,,,,,,,,,,,,,,,,,,
,DDL_themis-Resnet50_DataParallel.txt-3d_switch_hetero.json-3d_switch_hetero_themis_scf.txt-100-16 8 8-8 4 1-25 25 50-1,0.000000,310.917203,3.334094,7.206016,0.000000,40845.931250,409.608016,0.896125,0.093686,0.015225,0.015225,0.093686,0.896125,,,,,,,,,,,,,,,,,,,,,,,,,,,,,,,,,,,
,DDL_themis-Resnet50_DataParallel.txt-3d_fc_ring_switch.json-3d_fc_ring_switch_themis_scf.txt-100-8 16 8-7 4 1-25 25 50-1,0.000000,333.694813,5.034328,5.629141,0.000000,42195.887875,436.888875,1.514464,0.116755,0.014370,0.014370,0.116755,1.514464,,,,,,,,,,,,,,,,,,,,,,,,,,,,,,,,,,,
,DDL_themis-Resnet50_DataParallel.txt-4d_ring_switch_switch_switch.json-4d_ring_switch_switch_switch_themis_scf.txt-100-4 4 8 8-2 8 4 1-125 25 25 50-1,0.000000,188.060156,28.280719,14.758328,3.398266,0.001187,0.813719,21684.087188,101.976062,0.662531,0.225578,0.057456,0.014271,0.014271,0.057456,0.225578,0.662531,,,,,,,,,,,,,,,,,,,,,,,,,,,,,,,
,DDL_themis-Resnet50_DataParallel.txt-4d_ring_fc_ring_switch.json-4d_ring_fc_ring_switch_themis_scf.txt-100-4 8 4 8-2 7 6 1-187.5 25 25 100-1,0.000000,121.509609,1.192969,0.600266,0.702141,0.000000,0.867000,16108.294266,60.115047,0.631953,0.267901,0.046187,0.008188,0.008188,0.046187,0.267901,0.631953,,,,,,,,,,,,,,,,,,,,,,,,,,,,,,,
layer_128_2_conv1,DDL_themis-Resnet50_DataParallel.txt-2d_switch.json-2d_switch_themis_scf.txt-100-16 64-6 1-25 100-1,0.000000,529.870094,1.665062,59534.701406,860.037875,0.608531,0.029250,0.029250,0.608531,,,,,,,,,,,,,,,,,,,,,,,,,,,,,,,,,,,,,,,
,DDL_themis-Resnet50_DataParallel.txt-3d_switch_homo.json-3d_switch_homo_themis_scf.txt-100-16 8 8-4 4 1-25 25 100-1,0.000000,447.179781,1.677094,1.689375,0.000000,44299.131672,348.437844,1.045719,0.109043,0.011723,0.011723,0.109043,1.045719,,,,,,,,,,,,,,,,,,,,,,,,,,,,,,,,,,,
,DDL_themis-Resnet50_DataParallel.txt-3d_switch_hetero.json-3d_switch_hetero_themis_scf.txt-100-16 8 8-8 4 1-25 25 50-1,0.000000,399.235594,3.454328,1.878062,0.000000,40772.040031,363.956734,0.896125,0.093686,0.015225,0.015225,0.093686,0.896125,,,,,,,,,,,,,,,,,,,,,,,,,,,,,,,,,,,
,DDL_themis-Resnet50_DataParallel.txt-3d_fc_ring_switch.json-3d_fc_ring_switch_themis_scf.txt-100-8 16 8-7 4 1-25 25 50-1,0.000000,429.119656,1.806859,3.031844,0.000000,42119.255438,384.809312,1.514464,0.116755,0.014370,0.014370,0.116755,1.514464,,,,,,,,,,,,,,,,,,,,,,,,,,,,,,,,,,,
,DDL_themis-Resnet50_DataParallel.txt-4d_ring_switch_switch_switch.json-4d_ring_switch_switch_switch_themis_scf.txt-100-4 4 8 8-2 8 4 1-125 25 25 50-1,0.000000,244.972062,14.801078,6.515562,2.089609,0.001187,0.748313,21660.645406,87.654797,0.662531,0.225578,0.057456,0.014271,0.014271,0.057456,0.225578,0.662531,,,,,,,,,,,,,,,,,,,,,,,,,,,,,,,
,DDL_themis-Resnet50_DataParallel.txt-4d_ring_fc_ring_switch.json-4d_ring_fc_ring_switch_themis_scf.txt-100-4 8 4 8-2 7 6 1-187.5 25 25 100-1,0.000000,167.886047,1.163656,0.742297,0.827484,0.000000,0.797937,16075.355297,42.665312,0.631953,0.267901,0.046187,0.008188,0.008188,0.046187,0.267901,0.631953,,,,,,,,,,,,,,,,,,,,,,,,,,,,,,,
layer_128_2_conv2,DDL_themis-Resnet50_DataParallel.txt-2d_switch.json-2d_switch_themis_scf.txt-100-16 64-6 1-25 100-1,0.000000,1794.034672,3.826625,58355.557078,1817.993313,1.367844,0.064479,0.064479,1.367844,,,,,,,,,,,,,,,,,,,,,,,,,,,,,,,,,,,,,,,
,DDL_themis-Resnet50_DataParallel.txt-3d_switch_homo.json-3d_switch_homo_themis_scf.txt-100-16 8 8-4 4 1-25 25 100-1,0.000000,1505.150375,4.177812,3.307313,0.000000,43340.099062,694.850125,2.351021,0.243741,0.024938,0.024938,0.243741,2.351021,,,,,,,,,,,,,,,,,,,,,,,,,,,,,,,,,,,
,DDL_themis-Resnet50_DataParallel.txt-3d_switch_hetero.json-3d_switch_hetero_themis_scf.txt-100-16 8 8-8 4 1-25 25 50-1,0.000000,1299.609375,3.549562,5.413641,0.000000,39949.759328,713.266281,2.014448,0.209284,0.032882,0.032882,0.209284,2.014448,,,,,,,,,,,,,,,,,,,,,,,,,,,,,,,,,,,
,DDL_themis-Resnet50_DataParallel.txt-3d_fc_ring_switch.json-3d_fc_ring_switch_themis_scf.txt-100-8 16 8-7 4 1-25 25 50-1,0.000000,1407.887141,4.129672,4.794750,0.000000,41260.287031,733.793672,3.406505,0.262240,0.031526,0.031526,0.262240,3.406505,,,,,,,,,,,,,,,,,,,,,,,,,,,,,,,,,,,
,DDL_themis-Resnet50_DataParallel.txt-4d_ring_switch_switch_switch.json-4d_ring_switch_switch_switch_themis_scf.txt-100-4 4 8 8-2 8 4 1-125 25 25 50-1,0.000000,804.415016,3.185250,2.117859,1.782469,0.000000,2.389172,21261.157312,160.824594,1.489594,0.505922,0.128203,0.030802,0.030802,0.128203,0.505922,1.489594,,,,,,,,,,,,,,,,,,,,,,,,,,,,,,,
,DDL_themis-Resnet50_DataParallel.txt-4d_ring_fc_ring_switch.json-4d_ring_fc_ring_switch_themis_scf.txt-100-4 8 4 8-2 7 6 1-187.5 25 25 100-1,0.000000,578.608453,2.946375,1.811531,1.895156,0.000000,2.256703,15767.801109,87.876031,1.421177,0.602260,0.103453,0.017625,0.017625,0.103453,0.602260,1.421177,,,,,,,,,,,,,,,,,,,,,,,,,,,,,,,
layer_128_2_conv3,DDL_themis-Resnet50_DataParallel.txt-2d_switch.json-2d_switch_themis_scf.txt-100-16 64-6 1-25 100-1,0.000000,619.673813,1.637922,59455.063516,768.617844,0.608531,0.029250,0.029250,0.608531,,,,,,,,,,,,,,,,,,,,,,,,,,,,,,,,,,,,,,,
,DDL_themis-Resnet50_DataParallel.txt-3d_switch_homo.json-3d_switch_homo_themis_scf.txt-100-16 8 8-4 4 1-25 25 100-1,0.000000,505.645406,1.769828,1.510438,0.000000,44250.497578,311.903453,1.045719,0.109043,0.011723,0.011723,0.109043,1.045719,,,,,,,,,,,,,,,,,,,,,,,,,,,,,,,,,,,
,DDL_themis-Resnet50_DataParallel.txt-3d_switch_hetero.json-3d_switch_hetero_themis_scf.txt-100-16 8 8-8 4 1-25 25 50-1,0.000000,442.269984,3.659422,8.362297,0.000000,40731.360516,331.319969,0.896125,0.093686,0.015225,0.015225,0.093686,0.896125,,,,,,,,,,,,,,,,,,,,,,,,,,,,,,,,,,,
,DDL_themis-Resnet50_DataParallel.txt-3d_fc_ring_switch.json-3d_fc_ring_switch_themis_scf.txt-100-8 16 8-7 4 1-25 25 50-1,0.000000,492.599672,3.807891,5.406016,0.000000,42063.571750,340.035984,1.514464,0.116755,0.014370,0.014370,0.116755,1.514464,,,,,,,,,,,,,,,,,,,,,,,,,,,,,,,,,,,
,DDL_themis-Resnet50_DataParallel.txt-4d_ring_switch_switch_switch.json-4d_ring_switch_switch_switch_themis_scf.txt-100-4 4 8 8-2 8 4 1-125 25 25 50-1,0.000000,274.826703,9.621719,13.007531,3.898609,0.000000,0.850250,21639.023531,83.262516,0.662531,0.225578,0.057456,0.014271,0.014271,0.057456,0.225578,0.662531,,,,,,,,,,,,,,,,,,,,,,,,,,,,,,,
,DDL_themis-Resnet50_DataParallel.txt-4d_ring_fc_ring_switch.json-4d_ring_fc_ring_switch_themis_scf.txt-100-4 8 4 8-2 7 6 1-187.5 25 25 100-1,0.000000,179.627516,1.044641,0.860484,0.840547,0.000000,0.831094,16069.679828,39.695437,0.631953,0.267901,0.046187,0.008188,0.008188,0.046187,0.267901,0.631953,,,,,,,,,,,,,,,,,,,,,,,,,,,,,,,
layer_128_3_conv1,DDL_themis-Resnet50_DataParallel.txt-2d_switch.json-2d_switch_themis_scf.txt-100-16 64-6 1-25 100-1,0.000000,725.967531,1.626625,59358.071906,667.552844,0.608531,0.029250,0.029250,0.608531,,,,,,,,,,,,,,,,,,,,,,,,,,,,,,,,,,,,,,,
,DDL_themis-Resnet50_DataParallel.txt-3d_switch_homo.json-3d_switch_homo_themis_scf.txt-100-16 8 8-4 4 1-25 25 100-1,0.000000,600.669297,1.731422,1.642047,0.000000,44167.033375,261.838375,1.045719,0.109043,0.011723,0.011723,0.109043,1.045719,,,,,,,,,,,,,,,,,,,,,,,,,,,,,,,,,,,
,DDL_themis-Resnet50_DataParallel.txt-3d_switch_hetero.json-3d_switch_hetero_themis_scf.txt-100-16 8 8-8 4 1-25 25 50-1,0.000000,539.276625,3.391563,2.430781,0.000000,40650.436266,279.386750,0.896125,0.093686,0.015225,0.015225,0.093686,0.896125,,,,,,,,,,,,,,,,,,,,,,,,,,,,,,,,,,,
,DDL_themis-Resnet50_DataParallel.txt-3d_fc_ring_switch.json-3d_fc_ring_switch_themis_scf.txt-100-8 16 8-7 4 1-25 25 50-1,0.000000,582.301031,2.202937,3.723156,0.000656,41990.246562,285.864609,1.514464,0.116755,0.014370,0.014370,0.116755,1.514464,,,,,,,,,,,,,,,,,,,,,,,,,,,,,,,,,,,
,DDL_themis-Resnet50_DataParallel.txt-4d_ring_switch_switch_switch.json-4d_ring_switch_switch_switch_themis_scf.txt-100-4 4 8 8-2 8 4 1-125 25 25 50-1,0.000000,333.119062,8.286219,7.339172,0.890297,0.000000,0.809547,21604.767406,77.123578,0.662531,0.225578,0.057456,0.014271,0.014271,0.057456,0.225578,0.662531,,,,,,,,,,,,,,,,,,,,,,,,,,,,,,,
,DDL_themis-Resnet50_DataParallel.txt-4d_ring_fc_ring_switch.json-4d_ring_fc_ring_switch_themis_scf.txt-100-4 8 4 8-2 7 6 1-187.5 25 25 100-1,0.000000,228.184937,1.150453,0.845156,0.947562,0.000000,0.880703,16034.930250,29.716938,0.631953,0.267901,0.046187,0.008188,0.008188,0.046187,0.267901,0.631953,,,,,,,,,,,,,,,,,,,,,,,,,,,,,,,
layer_128_3_conv2,DDL_themis-Resnet50_DataParallel.txt-2d_switch.json-2d_switch_themis_scf.txt-100-16 64-6 1-25 100-1,0.000000,2021.437344,3.578125,58149.811906,1592.928312,1.367844,0.064479,0.064479,1.367844,,,,,,,,,,,,,,,,,,,,,,,,,,,,,,,,,,,,,,,
,DDL_themis-Resnet50_DataParallel.txt-3d_switch_homo.json-3d_switch_homo_themis_scf.txt-100-16 8 8-4 4 1-25 25 100-1,0.000000,1697.583312,4.382422,3.875547,0.000000,43171.863328,586.636609,2.351021,0.243741,0.024938,0.024938,0.243741,2.351021,,,,,,,,,,,,,,,,,,,,,,,,,,,,,,,,,,,
,DDL_themis-Resnet50_DataParallel.txt-3d_switch_hetero.json-3d_switch_hetero_themis_scf.txt-100-16 8 8-8 4 1-25 25 50-1,0.000000,1465.398688,4.605094,5.769875,0.000000,39803.733891,612.816937,2.014448,0.209284,0.032882,0.032882,0.209284,2.014448,,,,,,,,,,,,,,,,,,,,,,,,,,,,,,,,,,,
,DDL_themis-Resnet50_DataParallel.txt-3d_fc_ring_switch.json-3d_fc_ring_switch_themis_scf.txt-100-8 16 8-7 4 1-25 25 50-1,0.000000,1586.345578,4.717969,5.102109,0.000000,41109.867969,616.537844,3.406505,0.262240,0.031526,0.031526,0.262240,3.406505,,,,,,,,,,,,,,,,,,,,,,,,,,,,,,,,,,,
,DDL_themis-Resnet50_DataParallel.txt-4d_ring_switch_switch_switch.json-4d_ring_switch_switch_switch_themis_scf.txt-100-4 4 8 8-2 8 4 1-125 25 25 50-1,0.000000,907.984312,3.290391,2.313547,1.879453,0.000000,2.753344,21188.233797,125.416562,1.489594,0.505922,0.128203,0.030802,0.030802,0.128203,0.505922,1.489594,,,,,,,,,,,,,,,,,,,,,,,,,,,,,,,
,DDL_themis-Resnet50_DataParallel.txt-4d_ring_fc_ring_switch.json-4d_ring_fc_ring_switch_themis_scf.txt-100-4 8 4 8-2 7 6 1-187.5 25 25 100-1,0.000000,657.149219,2.795875,2.070031,1.614797,0.000000,1.826828,15715.349266,49.847500,1.421177,0.602260,0.103453,0.017625,0.017625,0.103453,0.602260,1.421177,,,,,,,,,,,,,,,,,,,,,,,,,,,,,,,
layer_128_3_conv3,DDL_themis-Resnet50_DataParallel.txt-2d_switch.json-2d_switch_themis_scf.txt-100-16 64-6 1-25 100-1,0.000000,812.737891,1.796437,59280.989172,579.107313,0.608531,0.029250,0.029250,0.608531,,,,,,,,,,,,,,,,,,,,,,,,,,,,,,,,,,,,,,,
,DDL_themis-Resnet50_DataParallel.txt-3d_switch_homo.json-3d_switch_homo_themis_scf.txt-100-16 8 8-4 4 1-25 25 100-1,0.000000,683.775094,1.962375,1.403328,0.000000,44095.904703,217.920750,1.045719,0.109043,0.011723,0.011723,0.109043,1.045719,,,,,,,,,,,,,,,,,,,,,,,,,,,,,,,,,,,
,DDL_themis-Resnet50_DataParallel.txt-3d_switch_hetero.json-3d_switch_hetero_themis_scf.txt-100-16 8 8-8 4 1-25 25 50-1,0.000000,573.458547,3.459891,8.847516,0.000656,40618.230563,252.649297,0.896125,0.093686,0.015225,0.015225,0.093686,0.896125,,,,,,,,,,,,,,,,,,,,,,,,,,,,,,,,,,,
,DDL_themis-Resnet50_DataParallel.txt-3d_fc_ring_switch.json-3d_fc_ring_switch_themis_scf.txt-100-8 16 8-7 4 1-25 25 50-1,0.000000,651.666156,1.867766,5.765125,0.000656,41932.176922,239.109750,1.514464,0.116755,0.014370,0.014370,0.116755,1.514464,,,,,,,,,,,,,,,,,,,,,,,,,,,,,,,,,,,
,DDL_themis-Resnet50_DataParallel.txt-4d_ring_switch_switch_switch.json-4d_ring_switch_switch_switch_themis_scf.txt-100-4 4 8 8-2 8 4 1-125 25 25 50-1,0.000000,346.370500,12.452531,14.057906,4.366734,0.000000,1.279828,21588.439766,69.560563,0.662531,0.225578,0.057456,0.014271,0.014271,0.057456,0.225578,0.662531,,,,,,,,,,,,,,,,,,,,,,,,,,,,,,,
,DDL_themis-Resnet50_DataParallel.txt-4d_ring_fc_ring_switch.json-4d_ring_fc_ring_switch_themis_scf.txt-100-4 8 4 8-2 7 6 1-187.5 25 25 100-1,0.000000,244.791937,1.049625,0.762641,0.765906,0.000000,0.821438,16024.991250,30.317969,0.631953,0.267901,0.046187,0.008188,0.008188,0.046187,0.267901,0.631953,,,,,,,,,,,,,,,,,,,,,,,,,,,,,,,
layer_128_4_conv1,DDL_themis-Resnet50_DataParallel.txt-2d_switch.json-2d_switch_themis_scf.txt-100-16 64-6 1-25 100-1,0.000000,937.148719,1.662562,59168.035906,464.114250,0.608531,0.029250,0.029250,0.608531,,,,,,,,,,,,,,,,,,,,,,,,,,,,,,,,,,,,,,,
,DDL_themis-Resnet50_DataParallel.txt-3d_switch_homo.json-3d_switch_homo_themis_scf.txt-100-16 8 8-4 4 1-25 25 100-1,0.000000,763.552844,1.597781,1.647734,0.000000,44025.775516,173.228281,1.045719,0.109043,0.011723,0.011723,0.109043,1.045719,,,,,,,,,,,,,,,,,,,,,,,,,,,,,,,,,,,
,DDL_themis-Resnet50_DataParallel.txt-3d_switch_hetero.json-3d_switch_hetero_themis_scf.txt-100-16 8 8-8 4 1-25 25 50-1,0.000000,679.860063,4.292375,2.600281,0.000000,40528.126672,193.918031,0.896125,0.093686,0.015225,0.015225,0.093686,0.896125,,,,,,,,,,,,,,,,,,,,,,,,,,,,,,,,,,,
,DDL_themis-Resnet50_DataParallel.txt-3d_fc_ring_switch.json-3d_fc_ring_switch_themis_scf.txt-100-8 16 8-7 4 1-25 25 50-1,0.000000,737.304984,2.458156,3.896609,0.000000,41860.857641,185.208828,1.514464,0.116755,0.014370,0.014370,0.116755,1.514464,,,,,,,,,,,,,,,,,,,,,,,,,,,,,,,,,,,
,DDL_themis-Resnet50_DataParallel.txt-4d_ring_switch_switch_switch.json-4d_ring_switch_switch_switch_themis_scf.txt-100-4 4 8 8-2 8 4 1-125 25 25 50-1,0.000000,415.161844,8.935391,7.762578,0.886703,0.000000,1.048156,21549.727687,45.826984,0.662531,0.225578,0.057456,0.014271,0.014271,0.057456,0.225578,0.662531,,,,,,,,,,,,,,,,,,,,,,,,,,,,,,,
,DDL_themis-Resnet50_DataParallel.txt-4d_ring_fc_ring_switch.json-4d_ring_fc_ring_switch_themis_scf.txt-100-4 8 4 8-2 7 6 1-187.5 25 25 100-1,0.000000,294.652281,1.361375,0.834688,0.785391,0.000000,0.978234,15988.588063,19.782422,0.631953,0.267901,0.046187,0.008188,0.008188,0.046187,0.267901,0.631953,,,,,,,,,,,,,,,,,,,,,,,,,,,,,,,
layer_128_4_conv2,DDL_themis-Resnet50_DataParallel.txt-2d_switch.json-2d_switch_themis_scf.txt-100-16 64-6 1-25 100-1,0.000000,2248.696797,3.608906,57943.930672,1367.863312,1.367844,0.064479,0.064479,1.367844,,,,,,,,,,,,,,,,,,,,,,,,,,,,,,,,,,,,,,,
,DDL_themis-Resnet50_DataParallel.txt-3d_switch_homo.json-3d_switch_homo_themis_scf.txt-100-16 8 8-4 4 1-25 25 100-1,0.000000,1890.741328,4.206000,4.585359,0.000000,43006.439641,475.125422,2.351021,0.243741,0.024938,0.024938,0.243741,2.351021,,,,,,,,,,,,,,,,,,,,,,,,,,,,,,,,,,,
,DDL_themis-Resnet50_DataParallel.txt-3d_switch_hetero.json-3d_switch_hetero_themis_scf.txt-100-16 8 8-8 4 1-25 25 50-1,0.000000,1631.129094,5.003734,5.058063,0.000000,39661.417687,510.748766,2.014448,0.209284,0.032882,0.032882,0.209284,2.014448,,,,,,,,,,,,,,,,,,,,,,,,,,,,,,,,,,,
,DDL_themis-Resnet50_DataParallel.txt-3d_fc_ring_switch.json-3d_fc_ring_switch_themis_scf.txt-100-8 16 8-7 4 1-25 25 50-1,0.000000,1764.975031,4.824125,6.028906,0.000000,40959.227828,501.174047,3.406505,0.262240,0.031526,0.031526,0.262240,3.406505,,,,,,,,,,,,,,,,,,,,,,,,,,,,,,,,,,,
,DDL_themis-Resnet50_DataParallel.txt-4d_ring_switch_switch_switch.json-4d_ring_switch_switch_switch_themis_scf.txt-100-4 4 8 8-2 8 4 1-125 25 25 50-1,0.000000,1012.632828,3.288578,2.059438,2.047188,0.000000,2.672938,21115.537109,91.199906,1.489594,0.505922,0.128203,0.030802,0.030802,0.128203,0.505922,1.489594,,,,,,,,,,,,,,,,,,,,,,,,,,,,,,,
,DDL_themis-Resnet50_DataParallel.txt-4d_ring_fc_ring_switch.json-4d_ring_fc_ring_switch_themis_scf.txt-100-4 8 4 8-2 7 6 1-187.5 25 25 100-1,0.000000,735.205063,2.894203,2.051047,1.901984,0.000000,2.203969,15662.139094,38.443625,1.421177,0.602260,0.103453,0.017625,0.017625,0.103453,0.602260,1.421177,,,,,,,,,,,,,,,,,,,,,,,,,,,,,,,
layer_128_4_conv3,DDL_themis-Resnet50_DataParallel.txt-2d_switch.json-2d_switch_themis_scf.txt-100-16 64-6 1-25 100-1,0.000000,1007.289172,2.192516,59105.410563,355.514187,0.608531,0.029250,0.029250,0.608531,,,,,,,,,,,,,,,,,,,,,,,,,,,,,,,,,,,,,,,
,DDL_themis-Resnet50_DataParallel.txt-3d_switch_homo.json-3d_switch_homo_themis_scf.txt-100-16 8 8-4 4 1-25 25 100-1,0.000000,846.091094,2.027125,1.855344,0.000000,43955.188953,128.524547,1.045719,0.109043,0.011723,0.011723,0.109043,1.045719,,,,,,,,,,,,,,,,,,,,,,,,,,,,,,,,,,,
,DDL_themis-Resnet50_DataParallel.txt-3d_switch_hetero.json-3d_switch_hetero_themis_scf.txt-100-16 8 8-8 4 1-25 25 50-1,0.000000,729.364578,4.242328,5.881344,0.000000,40484.814188,163.083687,0.896125,0.093686,0.015225,0.015225,0.093686,0.896125,,,,,,,,,,,,,,,,,,,,,,,,,,,,,,,,,,,
,DDL_themis-Resnet50_DataParallel.txt-3d_fc_ring_switch.json-3d_fc_ring_switch_themis_scf.txt-100-8 16 8-7 4 1-25 25 50-1,0.000000,791.018922,4.990156,5.940859,0.000656,41813.860781,148.648328,1.514464,0.116755,0.014370,0.014370,0.116755,1.514464,,,,,,,,,,,,,,,,,,,,,,,,,,,,,,,,,,,
,DDL_themis-Resnet50_DataParallel.txt-4d_ring_switch_switch_switch.json-4d_ring_switch_switch_switch_themis_scf.txt-100-4 4 8 8-2 8 4 1-125 25 25 50-1,0.000000,436.870766,8.670781,11.601313,4.696234,0.001063,1.060219,21532.302016,37.564719,0.662531,0.225578,0.057456,0.014271,0.014271,0.057456,0.225578,0.662531,,,,,,,,,,,,,,,,,,,,,,,,,,,,,,,
,DDL_themis-Resnet50_DataParallel.txt-4d_ring_fc_ring_switch.json-4d_ring_fc_ring_switch_themis_scf.txt-100-4 8 4 8-2 7 6 1-187.5 25 25 100-1,0.000000,300.928297,1.278250,0.673828,0.941156,0.000000,1.052266,15988.035516,27.145266,0.631953,0.267901,0.046187,0.008188,0.008188,0.046187,0.267901,0.631953,,,,,,,,,,,,,,,,,,,,,,,,,,,,,,,
layer_256_1_conv4,DDL_themis-Resnet50_DataParallel.txt-2d_switch.json-2d_switch_themis_scf.txt-100-16 64-6 1-25 100-1,0.000000,7030.804422,10.966422,53450.214969,7026.408375,4.859313,0.224865,0.224865,4.859313,,,,,,,,,,,,,,,,,,,,,,,,,,,,,,,,,,,,,,,
,DDL_themis-Resnet50_DataParallel.txt-3d_switch_homo.json-3d_switch_homo_themis_scf.txt-100-16 8 8-4 4 1-25 25 100-1,0.000000,5937.311703,13.198109,10.628063,0.000000,39323.477219,2640.477937,8.355979,0.861622,0.084863,0.084863,0.861622,8.355979,,,,,,,,,,,,,,,,,,,,,,,,,,,,,,,,,,,
,DDL_themis-Resnet50_DataParallel.txt-3d_switch_hetero.json-3d_switch_hetero_themis_scf.txt-100-16 8 8-8 4 1-25 25 50-1,0.000000,5076.770656,12.448984,13.007828,0.000000,36498.218891,2640.138672,7.158958,0.739164,0.113038,0.113038,0.739164,7.158958,,,,,,,,,,,,,,,,,,,,,,,,,,,,,,,,,,,
,DDL_themis-Resnet50_DataParallel.txt-3d_fc_ring_switch.json-3d_fc_ring_switch_themis_scf.txt-100-8 16 8-7 4 1-25 25 50-1,0.000000,5488.609969,11.697484,11.693906,0.006781,37685.730953,2722.445766,12.110193,0.929562,0.109010,0.109010,0.929562,12.110193,,,,,,,,,,,,,,,,,,,,,,,,,,,,,,,,,,,
,DDL_themis-Resnet50_DataParallel.txt-4d_ring_switch_switch_switch.json-4d_ring_switch_switch_switch_themis_scf.txt-100-4 4 8 8-2 8 4 1-125 25 25 50-1,0.000000,3117.740297,14.156828,6.792547,6.276719,0.006781,7.527391,19539.498484,598.657875,5.293750,1.795456,0.451966,0.105708,0.105708,0.451966,1.795456,5.293750,,,,,,,,,,,,,,,,,,,,,,,,,,,,,,,
,DDL_themis-Resnet50_DataParallel.txt-4d_ring_fc_ring_switch.json-4d_ring_fc_ring_switch_themis_scf.txt-100-4 8 4 8-2 7 6 1-187.5 25 25 100-1,0.000000,2283.897109,6.467656,5.626875,4.019781,0.000000,5.036375,14487.654750,289.845797,5.051073,2.139922,0.365391,0.060312,0.060312,0.365391,2.139922,5.051073,,,,,,,,,,,,,,,,,,,,,,,,,,,,,,,
layer_256_1_conv1,DDL_themis-Resnet50_DataParallel.txt-2d_switch.json-2d_switch_themis_scf.txt-100-16 64-6 1-25 100-1,0.000000,1386.659562,3.400906,58756.874094,1039.261250,1.215875,0.057198,0.057198,1.215875,,,,,,,,,,,,,,,,,,,,,,,,,,,,,,,,,,,,,,,
,DDL_themis-Resnet50_DataParallel.txt-3d_switch_homo.json-3d_switch_homo_themis_scf.txt-100-16 8 8-4 4 1-25 25 100-1,0.000000,1165.748391,3.526594,2.905234,0.000000,43666.427016,385.664016,2.090052,0.216583,0.022139,0.022139,0.216583,2.090052,,,,,,,,,,,,,,,,,,,,,,,,,,,,,,,,,,,
,DDL_themis-Resnet50_DataParallel.txt-3d_switch_hetero.json-3d_switch_hetero_themis_scf.txt-100-16 8 8-8 4 1-25 25 50-1,0.000000,998.020078,6.015766,4.064031,0.000000,40242.926547,413.174312,1.790823,0.185967,0.029126,0.029126,0.185967,1.790823,,,,,,,,,,,,,,,,,,,,,,,,,,,,,,,,,,,
,DDL_themis-Resnet50_DataParallel.txt-3d_fc_ring_switch.json-3d_fc_ring_switch_themis_scf.txt-100-8 16 8-7 4 1-25 25 50-1,0.000000,1080.843766,3.103016,5.739953,0.000656,41564.565266,416.053688,3.027875,0.232833,0.027906,0.027906,0.232833,3.027875,,,,,,,,,,,,,,,,,,,,,,,,,,,,,,,,,,,
,DDL_themis-Resnet50_DataParallel.txt-4d_ring_switch_switch_switch.json-4d_ring_switch_switch_switch_themis_scf.txt-100-4 4 8 8-2 8 4 1-125 25 25 50-1,0.000000,629.633078,2.385891,5.320109,1.324016,0.000000,1.655656,21403.518609,91.797953,1.324016,0.449701,0.113865,0.027250,0.027250,0.113865,0.449701,1.324016,,,,,,,,,,,,,,,,,,,,,,,,,,,,,,,
,DDL_themis-Resnet50_DataParallel.txt-4d_ring_fc_ring_switch.json-4d_ring_fc_ring_switch_themis_scf.txt-100-4 8 4 8-2 7 6 1-187.5 25 25 100-1,0.000000,440.100937,2.247453,1.446594,1.036250,0.000000,1.653281,15885.309656,44.090359,1.263083,0.535370,0.091906,0.015479,0.015479,0.091906,0.535370,1.263083,,,,,,,,,,,,,,,,,,,,,,,,,,,,,,,
layer_256_1_conv2,DDL_themis-Resnet50_DataParallel.txt-2d_switch.json-2d_switch_themis_scf.txt-100-16 64-6 1-25 100-1,0.000000,8645.915375,14.018781,51936.801172,11920.827703,5.466719,0.253010,0.253010,5.466719,,,,,,,,,,,,,,,,,,,,,,,,,,,,,,,,,,,,,,,
,DDL_themis-Resnet50_DataParallel.txt-3d_switch_homo.json-3d_switch_homo_themis_scf.txt-100-16 8 8-4 4 1-25 25 100-1,0.000000,7296.028828,14.743656,14.677266,0.000000,38090.297891,4650.371859,9.400620,0.969163,0.095586,0.095586,0.969163,9.400620,,,,,,,,,,,,,,,,,,,,,,,,,,,,,,,,,,,
,DDL_themis-Resnet50_DataParallel.txt-3d_switch_hetero.json-3d_switch_hetero_themis_scf.txt-100-16 8 8-8 4 1-25 25 50-1,0.000000,6231.561500,17.897750,19.568766,0.000000,35433.909641,4585.233766,8.053802,0.831445,0.127263,0.127263,0.831445,8.053802,,,,,,,,,,,,,,,,,,,,,,,,,,,,,,,,,,,
,DDL_themis-Resnet50_DataParallel.txt-3d_fc_ring_switch.json-3d_fc_ring_switch_themis_scf.txt-100-8 16 8-7 4 1-25 25 50-1,0.000000,6734.239625,16.627703,17.158391,0.000000,36584.713016,4831.282547,13.624234,1.045641,0.122755,0.122755,1.045641,13.624234,,,,,,,,,,,,,,,,,,,,,,,,,,,,,,,,,,,
,DDL_themis-Resnet50_DataParallel.txt-4d_ring_switch_switch_switch.json-4d_ring_switch_switch_switch_themis_scf.txt-100-4 4 8 8-2 8 4 1-125 25 25 50-1,0.000000,3826.910156,12.351406,8.628234,7.201047,0.006781,8.059313,19025.540000,1023.041484,5.955766,2.019781,0.508391,0.119042,0.119042,0.508391,2.019781,5.955766,,,,,,,,,,,,,,,,,,,,,,,,,,,,,,,
,DDL_themis-Resnet50_DataParallel.txt-4d_ring_fc_ring_switch.json-4d_ring_fc_ring_switch_themis_scf.txt-100-4 8 4 8-2 7 6 1-187.5 25 25 100-1,0.000000,2805.282813,10.320937,6.765922,5.119000,0.000000,6.043234,14099.624750,608.677125,5.682370,2.407437,0.411109,0.068062,0.068062,0.411109,2.407437,5.682370,,,,,,,,,,,,,,,,,,,,,,,,,,,,,,,
layer_256_1_conv3,DDL_themis-Resnet50_DataParallel.txt-2d_switch.json-2d_switch_themis_scf.txt-100-16 64-6 1-25 100-1,0.000000,2520.991125,6.532219,57690.042781,6005.445937,2.430406,0.113083,0.113083,2.430406,,,,,,,,,,,,,,,,,,,,,,,,,,,,,,,,,,,,,,,
,DDL_themis-Resnet50_DataParallel.txt-3d_switch_homo.json-3d_switch_homo_themis_scf.txt-100-16 8 8-4 4 1-25 25 100-1,0.000000,2166.277844,7.229484,6.140984,0.000000,42762.116375,2441.043672,4.178797,0.431560,0.042973,0.042973,0.431560,4.178797,,,,,,,,,,,,,,,,,,,,,,,,,,,,,,,,,,,
,DDL_themis-Resnet50_DataParallel.txt-3d_switch_hetero.json-3d_switch_hetero_themis_scf.txt-100-16 8 8-8 4 1-25 25 50-1,0.000000,1868.578641,6.079359,9.025438,0.000000,39450.270062,2386.985031,3.580172,0.370339,0.057137,0.057137,0.370339,3.580172,,,,,,,,,,,,,,,,,,,,,,,,,,,,,,,,,,,
,DDL_themis-Resnet50_DataParallel.txt-3d_fc_ring_switch.json-3d_fc_ring_switch_themis_scf.txt-100-8 16 8-7 4 1-25 25 50-1,0.000000,2020.279922,5.366016,6.704562,0.000000,40744.513141,2545.280875,6.055490,0.465161,0.054922,0.054922,0.465161,6.055490,,,,,,,,,,,,,,,,,,,,,,,,,,,,,,,,,,,
,DDL_themis-Resnet50_DataParallel.txt-4d_ring_switch_switch_switch.json-4d_ring_switch_switch_switch_themis_scf.txt-100-4 4 8 8-2 8 4 1-125 25 25 50-1,0.000000,1126.486672,11.899703,10.837031,2.538859,0.011813,3.498250,21028.947313,605.828219,2.647266,0.898286,0.226594,0.053437,0.053437,0.226594,0.898286,2.647266,,,,,,,,,,,,,,,,,,,,,,,,,,,,,,,
,DDL_themis-Resnet50_DataParallel.txt-4d_ring_fc_ring_switch.json-4d_ring_fc_ring_switch_themis_scf.txt-100-4 8 4 8-2 7 6 1-187.5 25 25 100-1,0.000000,818.236828,10.856109,2.442219,2.017344,0.002094,2.765359,15595.727375,385.029047,2.526063,1.070370,0.183125,0.030375,0.030375,0.183125,1.070370,2.526063,,,,,,,,,,,,,,,,,,,,,,,,,,,,,,,
layer_256_2_conv1,DDL_themis-Resnet50_DataParallel.txt-2d_switch.json-2d_switch_themis_scf.txt-100-16 64-6 1-25 100-1,0.000000,2949.841391,6.386484,57291.947687,5602.137313,2.430406,0.113083,0.113083,2.430406,,,,,,,,,,,,,,,,,,,,,,,,,,,,,,,,,,,,,,,
,DDL_themis-Resnet50_DataParallel.txt-3d_switch_homo.json-3d_switch_homo_themis_scf.txt-100-16 8 8-4 4 1-25 25 100-1,0.000000,2496.757719,7.141125,6.291484,0.000000,42465.341750,2248.513906,4.178797,0.431560,0.042973,0.042973,0.431560,4.178797,,,,,,,,,,,,,,,,,,,,,,,,,,,,,,,,,,,
,DDL_themis-Resnet50_DataParallel.txt-3d_switch_hetero.json-3d_switch_hetero_themis_scf.txt-100-16 8 8-8 4 1-25 25 50-1,0.000000,2117.050625,10.418313,10.670594,0.000000,39218.867984,2216.725547,3.580172,0.370339,0.057137,0.057137,0.370339,3.580172,,,,,,,,,,,,,,,,,,,,,,,,,,,,,,,,,,,
,DDL_themis-Resnet50_DataParallel.txt-3d_fc_ring_switch.json-3d_fc_ring_switch_themis_scf.txt-100-8 16 8-7 4 1-25 25 50-1,0.000000,2325.528078,7.778797,9.600484,0.000000,40479.146906,2335.303344,6.055490,0.465161,0.054922,0.054922,0.465161,6.055490,,,,,,,,,,,,,,,,,,,,,,,,,,,,,,,,,,,
,DDL_themis-Resnet50_DataParallel.txt-4d_ring_switch_switch_switch.json-4d_ring_switch_switch_switch_themis_scf.txt-100-4 4 8 8-2 8 4 1-125 25 25 50-1,0.000000,1332.260141,4.576187,3.577719,2.929266,0.000000,3.976797,20887.290641,530.610875,2.647266,0.898286,0.226594,0.053437,0.053437,0.226594,0.898286,2.647266,,,,,,,,,,,,,,,,,,,,,,,,,,,,,,,
,DDL_themis-Resnet50_DataParallel.txt-4d_ring_fc_ring_switch.json-4d_ring_fc_ring_switch_themis_scf.txt-100-4 8 4 8-2 7 6 1-187.5 25 25 100-1,0.000000,956.845828,10.940312,2.924516,3.521281,0.000000,3.074531,15492.463719,299.607062,2.526063,1.070370,0.183125,0.030375,0.030375,0.183125,1.070370,2.526063,,,,,,,,,,,,,,,,,,,,,,,,,,,,,,,
layer_256_2_conv2,DDL_themis-Resnet50_DataParallel.txt-2d_switch.json-2d_switch_themis_scf.txt-100-16 64-6 1-25 100-1,0.000000,9530.351062,14.754547,51113.088453,11023.799437,5.466719,0.253010,0.253010,5.466719,,,,,,,,,,,,,,,,,,,,,,,,,,,,,,,,,,,,,,,
,DDL_themis-Resnet50_DataParallel.txt-3d_switch_homo.json-3d_switch_homo_themis_scf.txt-100-16 8 8-4 4 1-25 25 100-1,0.000000,8040.946109,17.118891,14.523547,0.000000,37419.063266,4219.216562,9.400620,0.969163,0.095586,0.095586,0.969163,9.400620,,,,,,,,,,,,,,,,,,,,,,,,,,,,,,,,,,,
,DDL_themis-Resnet50_DataParallel.txt-3d_switch_hetero.json-3d_switch_hetero_themis_scf.txt-100-16 8 8-8 4 1-25 25 50-1,0.000000,6869.836094,14.964469,20.853547,0.000000,34858.208500,4184.866984,8.053802,0.831445,0.127263,0.127263,0.831445,8.053802,,,,,,,,,,,,,,,,,,,,,,,,,,,,,,,,,,,
,DDL_themis-Resnet50_DataParallel.txt-3d_fc_ring_switch.json-3d_fc_ring_switch_themis_scf.txt-100-8 16 8-7 4 1-25 25 50-1,0.000000,7422.222422,18.461094,19.203234,0.000000,35983.557938,4360.361672,13.624234,1.045641,0.122755,0.122755,1.045641,13.624234,,,,,,,,,,,,,,,,,,,,,,,,,,,,,,,,,,,
,DDL_themis-Resnet50_DataParallel.txt-4d_ring_switch_switch_switch.json-4d_ring_switch_switch_switch_themis_scf.txt-100-4 4 8 8-2 8 4 1-125 25 25 50-1,0.000000,4218.594094,15.223016,7.072266,8.449094,0.000000,9.251016,18776.067687,904.126016,5.955766,2.019781,0.508391,0.119042,0.119042,0.508391,2.019781,5.955766,,,,,,,,,,,,,,,,,,,,,,,,,,,,,,,
,DDL_themis-Resnet50_DataParallel.txt-4d_ring_fc_ring_switch.json-4d_ring_fc_ring_switch_themis_scf.txt-100-4 8 4 8-2 7 6 1-187.5 25 25 100-1,0.000000,3096.801922,11.484953,5.982109,5.162859,0.000000,7.050766,13888.334578,505.281453,5.682370,2.407437,0.411109,0.068062,0.068062,0.411109,2.407437,5.682370,,,,,,,,,,,,,,,,,,,,,,,,,,,,,,,
layer_256_2_conv3,DDL_themis-Resnet50_DataParallel.txt-2d_switch.json-2d_switch_themis_scf.txt-100-16 64-6 1-25 100-1,0.000000,3344.701484,6.442859,56925.976313,5202.996406,2.430406,0.113083,0.113083,2.430406,,,,,,,,,,,,,,,,,,,,,,,,,,,,,,,,,,,,,,,
,DDL_themis-Resnet50_DataParallel.txt-3d_switch_homo.json-3d_switch_homo_themis_scf.txt-100-16 8 8-4 4 1-25 25 100-1,0.000000,2829.756625,7.392703,5.783406,0.000000,42168.094609,2056.461266,4.178797,0.431560,0.042973,0.042973,0.431560,4.178797,,,,,,,,,,,,,,,,,,,,,,,,,,,,,,,,,,,
,DDL_themis-Resnet50_DataParallel.txt-3d_switch_hetero.json-3d_switch_hetero_themis_scf.txt-100-16 8 8-8 4 1-25 25 50-1,0.000000,2432.866562,8.222531,8.374453,0.000000,38939.327484,2033.047687,3.580172,0.370339,0.057137,0.057137,0.370339,3.580172,,,,,,,,,,,,,,,,,,,,,,,,,,,,,,,,,,,
,DDL_themis-Resnet50_DataParallel.txt-3d_fc_ring_switch.json-3d_fc_ring_switch_themis_scf.txt-100-8 16 8-7 4 1-25 25 50-1,0.000000,2591.930844,8.494953,11.957078,0.000000,40243.755500,2149.250578,6.055490,0.465161,0.054922,0.054922,0.465161,6.055490,,,,,,,,,,,,,,,,,,,,,,,,,,,,,,,,,,,
,DDL_themis-Resnet50_DataParallel.txt-4d_ring_switch_switch_switch.json-4d_ring_switch_switch_switch_themis_scf.txt-100-4 4 8 8-2 8 4 1-125 25 25 50-1,0.000000,1461.606328,6.273313,18.988797,3.971516,0.000000,4.016344,20801.476031,455.151922,2.647266,0.898286,0.226594,0.053437,0.053437,0.226594,0.898286,2.647266,,,,,,,,,,,,,,,,,,,,,,,,,,,,,,,
,DDL_themis-Resnet50_DataParallel.txt-4d_ring_fc_ring_switch.json-4d_ring_fc_ring_switch_themis_scf.txt-100-4 8 4 8-2 7 6 1-187.5 25 25 100-1,0.000000,1084.478297,12.191922,2.866266,3.406203,0.000000,3.589266,15398.776062,192.327359,2.526063,1.070370,0.183125,0.030375,0.030375,0.183125,1.070370,2.526063,,,,,,,,,,,,,,,,,,,,,,,,,,,,,,,
layer_256_3_conv1,DDL_themis-Resnet50_DataParallel.txt-2d_switch.json-2d_switch_themis_scf.txt-100-16 64-6 1-25 100-1,0.000000,3737.356578,6.614797,56559.919188,4803.527313,2.430406,0.113083,0.113083,2.430406,,,,,,,,,,,,,,,,,,,,,,,,,,,,,,,,,,,,,,,
,DDL_themis-Resnet50_DataParallel.txt-3d_switch_homo.json-3d_switch_homo_themis_scf.txt-100-16 8 8-4 4 1-25 25 100-1,0.000000,3160.484719,6.259125,5.768141,0.000000,41871.679453,1864.534797,4.178797,0.431560,0.042973,0.042973,0.431560,4.178797,,,,,,,,,,,,,,,,,,,,,,,,,,,,,,,,,,,
,DDL_themis-Resnet50_DataParallel.txt-3d_switch_hetero.json-3d_switch_hetero_themis_scf.txt-100-16 8 8-8 4 1-25 25 50-1,0.000000,2716.030922,7.869359,7.853766,0.000000,38683.510109,1846.714516,3.580172,0.370339,0.057137,0.057137,0.370339,3.580172,,,,,,,,,,,,,,,,,,,,,,,,,,,,,,,,,,,
,DDL_themis-Resnet50_DataParallel.txt-3d_fc_ring_switch.json-3d_fc_ring_switch_themis_scf.txt-100-8 16 8-7 4 1-25 25 50-1,0.000000,2934.348203,8.303125,9.755984,0.000000,39950.172688,1931.227547,6.055490,0.465161,0.054922,0.054922,0.465161,6.055490,,,,,,,,,,,,,,,,,,,,,,,,,,,,,,,,,,,
,DDL_themis-Resnet50_DataParallel.txt-4d_ring_switch_switch_switch.json-4d_ring_switch_switch_switch_themis_scf.txt-100-4 4 8 8-2 8 4 1-125 25 25 50-1,0.000000,1678.319531,5.477266,3.933594,4.873453,0.000000,3.726562,20648.961437,371.531547,2.647266,0.898286,0.226594,0.053437,0.053437,0.226594,0.898286,2.647266,,,,,,,,,,,,,,,,,,,,,,,,,,,,,,,
,DDL_themis-Resnet50_DataParallel.txt-4d_ring_fc_ring_switch.json-4d_ring_fc_ring_switch_themis_scf.txt-100-4 8 4 8-2 7 6 1-187.5 25 25 100-1,0.000000,1167.823906,12.047672,3.441609,3.314547,0.000000,4.337953,15337.697375,151.053953,2.526063,1.070370,0.183125,0.030375,0.030375,0.183125,1.070370,2.526063,,,,,,,,,,,,,,,,,,,,,,,,,,,,,,,
layer_256_3_conv2,DDL_themis-Resnet50_DataParallel.txt-2d_switch.json-2d_switch_themis_scf.txt-100-16 64-6 1-25 100-1,0.000000,10414.830672,14.111297,50290.710828,10126.771172,5.466719,0.253010,0.253010,5.466719,,,,,,,,,,,,,,,,,,,,,,,,,,,,,,,,,,,,,,,
,DDL_themis-Resnet50_DataParallel.txt-3d_switch_homo.json-3d_switch_homo_themis_scf.txt-100-16 8 8-4 4 1-25 25 100-1,0.000000,8786.118500,16.330297,14.386484,0.000000,36751.391375,3787.390594,9.400620,0.969163,0.095586,0.095586,0.969163,9.400620,,,,,,,,,,,,,,,,,,,,,,,,,,,,,,,,,,,
,DDL_themis-Resnet50_DataParallel.txt-3d_switch_hetero.json-3d_switch_hetero_themis_scf.txt-100-16 8 8-8 4 1-25 25 50-1,0.000000,7507.929828,17.451984,20.757297,0.000000,34278.897766,3785.257391,8.053802,0.831445,0.127263,0.127263,0.831445,8.053802,,,,,,,,,,,,,,,,,,,,,,,,,,,,,,,,,,,
,DDL_themis-Resnet50_DataParallel.txt-3d_fc_ring_switch.json-3d_fc_ring_switch_themis_scf.txt-100-8 16 8-7 4 1-25 25 50-1,0.000000,8110.793937,19.292969,21.337547,0.000000,35382.483156,3900.013016,13.624234,1.045641,0.122755,0.122755,1.045641,13.624234,,,,,,,,,,,,,,,,,,,,,,,,,,,,,,,,,,,
,DDL_themis-Resnet50_DataParallel.txt-4d_ring_switch_switch_switch.json-4d_ring_switch_switch_switch_themis_scf.txt-100-4 4 8 8-2 8 4 1-125 25 25 50-1,0.000000,4608.424516,12.996766,9.256312,8.511891,0.000000,9.576750,18484.913453,774.879125,5.955766,2.019781,0.508391,0.119042,0.119042,0.508391,2.019781,5.955766,,,,,,,,,,,,,,,,,,,,,,,,,,,,,,,
,DDL_themis-Resnet50_DataParallel.txt-4d_ring_fc_ring_switch.json-4d_ring_fc_ring_switch_themis_scf.txt-100-4 8 4 8-2 7 6 1-187.5 25 25 100-1,0.000000,3388.276406,10.044438,6.896562,8.745844,0.000000,7.014203,13671.205422,345.098906,5.682370,2.407437,0.411109,0.068062,0.068062,0.411109,2.407437,5.682370,,,,,,,,,,,,,,,,,,,,,,,,,,,,,,,
layer_256_3_conv3,DDL_themis-Resnet50_DataParallel.txt-2d_switch.json-2d_switch_themis_scf.txt-100-16 64-6 1-25 100-1,0.000000,4065.896734,7.032016,56253.115937,4440.716500,2.430406,0.113083,0.113083,2.430406,,,,,,,,,,,,,,,,,,,,,,,,,,,,,,,,,,,,,,,
,DDL_themis-Resnet50_DataParallel.txt-3d_switch_homo.json-3d_switch_homo_themis_scf.txt-100-16 8 8-4 4 1-25 25 100-1,0.000000,3493.285203,7.608234,5.183375,0.000000,41573.382859,1672.709188,4.178797,0.431560,0.042973,0.042973,0.431560,4.178797,,,,,,,,,,,,,,,,,,,,,,,,,,,,,,,,,,,
,DDL_themis-Resnet50_DataParallel.txt-3d_switch_hetero.json-3d_switch_hetero_themis_scf.txt-100-16 8 8-8 4 1-25 25 50-1,0.000000,2953.570844,11.018953,10.145656,0.000000,38464.460203,1682.332328,3.580172,0.370339,0.057137,0.057137,0.370339,3.580172,,,,,,,,,,,,,,,,,,,,,,,,,,,,,,,,,,,
,DDL_themis-Resnet50_DataParallel.txt-3d_fc_ring_switch.json-3d_fc_ring_switch_themis_scf.txt-100-8 16 8-7 4 1-25 25 50-1,0.000000,3191.334031,8.398922,11.509891,0.000000,39723.804937,1746.041047,6.055490,0.465161,0.054922,0.054922,0.465161,6.055490,,,,,,,,,,,,,,,,,,,,,,,,,,,,,,,,,,,
,DDL_themis-Resnet50_DataParallel.txt-4d_ring_switch_switch_switch.json-4d_ring_switch_switch_switch_themis_scf.txt-100-4 4 8 8-2 8 4 1-125 25 25 50-1,0.000000,1825.469609,7.468641,11.763531,4.640047,0.000000,4.341266,20536.324516,326.424078,2.647266,0.898286,0.226594,0.053437,0.053437,0.226594,0.898286,2.647266,,,,,,,,,,,,,,,,,,,,,,,,,,,,,,,
,DDL_themis-Resnet50_DataParallel.txt-4d_ring_fc_ring_switch.json-4d_ring_fc_ring_switch_themis_scf.txt-100-4 8 4 8-2 7 6 1-187.5 25 25 100-1,0.000000,1332.142016,11.750297,3.378297,3.394188,0.000000,3.168813,15218.028031,148.378781,2.526063,1.070370,0.183125,0.030375,0.030375,0.183125,1.070370,2.526063,,,,,,,,,,,,,,,,,,,,,,,,,,,,,,,
layer_256_4_conv1,DDL_themis-Resnet50_DataParallel.txt-2d_switch.json-2d_switch_themis_scf.txt-100-16 64-6 1-25 100-1,0.000000,4518.864516,6.466422,55833.678375,4011.481063,2.430406,0.113083,0.113083,2.430406,,,,,,,,,,,,,,,,,,,,,,,,,,,,,,,,,,,,,,,
,DDL_themis-Resnet50_DataParallel.txt-3d_switch_homo.json-3d_switch_homo_themis_scf.txt-100-16 8 8-4 4 1-25 25 100-1,0.000000,3823.904016,7.818875,7.064875,0.000000,41273.986047,1480.632672,4.178797,0.431560,0.042973,0.042973,0.431560,4.178797,,,,,,,,,,,,,,,,,,,,,,,,,,,,,,,,,,,
,DDL_themis-Resnet50_DataParallel.txt-3d_switch_hetero.json-3d_switch_hetero_themis_scf.txt-100-16 8 8-8 4 1-25 25 50-1,0.000000,3280.251203,7.895750,9.684047,0.000000,38172.312328,1494.069766,3.580172,0.370339,0.057137,0.057137,0.370339,3.580172,,,,,,,,,,,,,,,,,,,,,,,,,,,,,,,,,,,
,DDL_themis-Resnet50_DataParallel.txt-3d_fc_ring_switch.json-3d_fc_ring_switch_themis_scf.txt-100-8 16 8-7 4 1-25 25 50-1,0.000000,3542.943469,7.858875,9.996422,0.000000,39422.665016,1504.168609,6.055490,0.465161,0.054922,0.054922,0.465161,6.055490,,,,,,,,,,,,,,,,,,,,,,,,,,,,,,,,,,,
,DDL_themis-Resnet50_DataParallel.txt-4d_ring_switch_switch_switch.json-4d_ring_switch_switch_switch_themis_scf.txt-100-4 4 8 8-2 8 4 1-125 25 25 50-1,0.000000,1995.104297,6.597672,11.975344,3.514500,0.000000,3.938813,20413.005375,285.218109,2.647266,0.898286,0.226594,0.053437,0.053437,0.226594,0.898286,2.647266,,,,,,,,,,,,,,,,,,,,,,,,,,,,,,,
,DDL_themis-Resnet50_DataParallel.txt-4d_ring_fc_ring_switch.json-4d_ring_fc_ring_switch_themis_scf.txt-100-4 8 4 8-2 7 6 1-187.5 25 25 100-1,0.000000,1480.140719,5.308047,3.331187,3.091406,0.000000,3.345594,15114.183375,118.593828,2.526063,1.070370,0.183125,0.030375,0.030375,0.183125,1.070370,2.526063,,,,,,,,,,,,,,,,,,,,,,,,,,,,,,,
layer_256_4_conv2,DDL_themis-Resnet50_DataParallel.txt-2d_switch.json-2d_switch_themis_scf.txt-100-16 64-6 1-25 100-1,0.000000,11299.277016,14.767234,49467.133812,9229.005437,5.466719,0.253010,0.253010,5.466719,,,,,,,,,,,,,,,,,,,,,,,,,,,,,,,,,,,,,,,
,DDL_themis-Resnet50_DataParallel.txt-3d_switch_homo.json-3d_switch_homo_themis_scf.txt-100-16 8 8-4 4 1-25 25 100-1,0.000000,9531.347844,18.970906,14.025594,0.000000,36080.683453,3354.868797,9.400620,0.969163,0.095586,0.095586,0.969163,9.400620,,,,,,,,,,,,,,,,,,,,,,,,,,,,,,,,,,,
,DDL_themis-Resnet50_DataParallel.txt-3d_switch_hetero.json-3d_switch_hetero_themis_scf.txt-100-16 8 8-8 4 1-25 25 50-1,0.000000,8146.447313,17.310453,21.254297,0.000000,33701.022797,3383.006891,8.053802,0.831445,0.127263,0.127263,0.831445,8.053802,,,,,,,,,,,,,,,,,,,,,,,,,,,,,,,,,,,
,DDL_themis-Resnet50_DataParallel.txt-3d_fc_ring_switch.json-3d_fc_ring_switch_themis_scf.txt-100-8 16 8-7 4 1-25 25 50-1,0.000000,8799.047031,18.425656,19.236547,0.000000,34787.260125,3445.699187,13.624234,1.045641,0.122755,0.122755,1.045641,13.624234,,,,,,,,,,,,,,,,,,,,,,,,,,,,,,,,,,,
,DDL_themis-Resnet50_DataParallel.txt-4d_ring_switch_switch_switch.json-4d_ring_switch_switch_switch_themis_scf.txt-100-4 4 8 8-2 8 4 1-125 25 25 50-1,0.000000,5000.119453,17.396062,9.319750,10.483703,0.000000,12.705484,18189.585469,653.518438,5.955766,2.019781,0.508391,0.119042,0.119042,0.508391,2.019781,5.955766,,,,,,,,,,,,,,,,,,,,,,,,,,,,,,,
,DDL_themis-Resnet50_DataParallel.txt-4d_ring_fc_ring_switch.json-4d_ring_fc_ring_switch_themis_scf.txt-100-4 8 4 8-2 7 6 1-187.5 25 25 100-1,0.000000,3678.499250,11.306750,8.206859,6.422672,0.000000,7.040922,13459.010719,254.172047,5.682370,2.407437,0.411109,0.068062,0.068062,0.411109,2.407437,5.682370,,,,,,,,,,,,,,,,,,,,,,,,,,,,,,,
layer_256_4_conv3,DDL_themis-Resnet50_DataParallel.txt-2d_switch.json-2d_switch_themis_scf.txt-100-16 64-6 1-25 100-1,0.000000,4913.709703,6.403422,55467.856188,3612.176063,2.430406,0.113083,0.113083,2.430406,,,,,,,,,,,,,,,,,,,,,,,,,,,,,,,,,,,,,,,
,DDL_themis-Resnet50_DataParallel.txt-3d_switch_homo.json-3d_switch_homo_themis_scf.txt-100-16 8 8-4 4 1-25 25 100-1,0.000000,4156.951969,7.910703,6.861688,0.000000,40976.488500,1288.636250,4.178797,0.431560,0.042973,0.042973,0.431560,4.178797,,,,,,,,,,,,,,,,,,,,,,,,,,,,,,,,,,,
,DDL_themis-Resnet50_DataParallel.txt-3d_switch_hetero.json-3d_switch_hetero_themis_scf.txt-100-16 8 8-8 4 1-25 25 50-1,0.000000,3509.037109,11.500969,12.259578,0.000000,37960.281062,1337.351156,3.580172,0.370339,0.057137,0.057137,0.370339,3.580172,,,,,,,,,,,,,,,,,,,,,,,,,,,,,,,,,,,
,DDL_themis-Resnet50_DataParallel.txt-3d_fc_ring_switch.json-3d_fc_ring_switch_themis_scf.txt-100-8 16 8-7 4 1-25 25 50-1,0.000000,3850.989031,8.674781,8.668000,0.000000,39156.820281,1308.283328,6.055490,0.465161,0.054922,0.054922,0.465161,6.055490,,,,,,,,,,,,,,,,,,,,,,,,,,,,,,,,,,,
,DDL_themis-Resnet50_DataParallel.txt-4d_ring_switch_switch_switch.json-4d_ring_switch_switch_switch_themis_scf.txt-100-4 4 8 8-2 8 4 1-125 25 25 50-1,0.000000,2163.567125,7.857641,12.247641,3.122844,0.000000,4.174672,20291.667125,255.734219,2.647266,0.898286,0.226594,0.053437,0.053437,0.226594,0.898286,2.647266,,,,,,,,,,,,,,,,,,,,,,,,,,,,,,,
,DDL_themis-Resnet50_DataParallel.txt-4d_ring_fc_ring_switch.json-4d_ring_fc_ring_switch_themis_scf.txt-100-4 8 4 8-2 7 6 1-187.5 25 25 100-1,0.000000,1559.239406,12.241031,3.027797,3.523594,0.000000,3.444187,15048.013797,106.800469,2.526063,1.070370,0.183125,0.030375,0.030375,0.183125,1.070370,2.526063,,,,,,,,,,,,,,,,,,,,,,,,,,,,,,,
layer_256_5_conv1,DDL_themis-Resnet50_DataParallel.txt-2d_switch.json-2d_switch_themis_scf.txt-100-16 64-6 1-25 100-1,0.000000,5306.379703,6.530641,55101.799063,3213.035156,2.430406,0.113083,0.113083,2.430406,,,,,,,,,,,,,,,,,,,,,,,,,,,,,,,,,,,,,,,
,DDL_themis-Resnet50_DataParallel.txt-3d_switch_homo.json-3d_switch_homo_themis_scf.txt-100-16 8 8-4 4 1-25 25 100-1,0.000000,4487.500797,5.972406,5.427828,0.000000,40682.505656,1096.680047,4.178797,0.431560,0.042973,0.042973,0.431560,4.178797,,,,,,,,,,,,,,,,,,,,,,,,,,,,,,,,,,,
,DDL_themis-Resnet50_DataParallel.txt-3d_switch_hetero.json-3d_switch_hetero_themis_scf.txt-100-16 8 8-8 4 1-25 25 50-1,0.000000,3844.477953,8.240125,8.188219,0.000000,37663.946422,1148.162875,3.580172,0.370339,0.057137,0.057137,0.370339,3.580172,,,,,,,,,,,,,,,,,,,,,,,,,,,,,,,,,,,
,DDL_themis-Resnet50_DataParallel.txt-3d_fc_ring_switch.json-3d_fc_ring_switch_themis_scf.txt-100-8 16 8-7 4 1-25 25 50-1,0.000000,4156.461859,8.184594,9.649859,0.000000,38890.669344,1120.791703,6.055490,0.465161,0.054922,0.054922,0.465161,6.055490,,,,,,,,,,,,,,,,,,,,,,,,,,,,,,,,,,,
,DDL_themis-Resnet50_DataParallel.txt-4d_ring_switch_switch_switch.json-4d_ring_switch_switch_switch_themis_scf.txt-100-4 4 8 8-2 8 4 1-125 25 25 50-1,0.000000,2368.002562,9.775422,5.778531,5.089437,0.000000,5.558641,20137.105062,190.289031,2.647266,0.898286,0.226594,0.053437,0.053437,0.226594,0.898286,2.647266,,,,,,,,,,,,,,,,,,,,,,,,,,,,,,,
,DDL_themis-Resnet50_DataParallel.txt-4d_ring_fc_ring_switch.json-4d_ring_fc_ring_switch_themis_scf.txt-100-4 8 4 8-2 7 6 1-187.5 25 25 100-1,0.000000,1709.989437,12.540344,3.086125,3.372937,0.000000,3.326719,14939.229859,95.987188,2.526063,1.070370,0.183125,0.030375,0.030375,0.183125,1.070370,2.526063,,,,,,,,,,,,,,,,,,,,,,,,,,,,,,,
layer_256_5_conv2,DDL_themis-Resnet50_DataParallel.txt-2d_switch.json-2d_switch_themis_scf.txt-100-16 64-6 1-25 100-1,0.000000,12183.756625,14.878453,48644.034984,8331.608437,5.466719,0.253010,0.253010,5.466719,,,,,,,,,,,,,,,,,,,,,,,,,,,,,,,,,,,,,,,
,DDL_themis-Resnet50_DataParallel.txt-3d_switch_homo.json-3d_switch_homo_themis_scf.txt-100-16 8 8-4 4 1-25 25 100-1,0.000000,10276.211703,14.523312,12.866437,0.000000,35417.479641,2924.503438,9.400620,0.969163,0.095586,0.095586,0.969163,9.400620,,,,,,,,,,,,,,,,,,,,,,,,,,,,,,,,,,,
,DDL_themis-Resnet50_DataParallel.txt-3d_switch_hetero.json-3d_switch_hetero_themis_scf.txt-100-16 8 8-8 4 1-25 25 50-1,0.000000,8784.357219,13.849562,25.475375,0.000000,33123.850844,2983.475516,8.053802,0.831445,0.127263,0.127263,0.831445,8.053802,,,,,,,,,,,,,,,,,,,,,,,,,,,,,,,,,,,
,DDL_themis-Resnet50_DataParallel.txt-3d_fc_ring_switch.json-3d_fc_ring_switch_themis_scf.txt-100-8 16 8-7 4 1-25 25 50-1,0.000000,9487.524625,19.204672,22.099078,0.000000,34185.797063,2985.694000,13.624234,1.045641,0.122755,0.122755,1.045641,13.624234,,,,,,,,,,,,,,,,,,,,,,,,,,,,,,,,,,,
,DDL_themis-Resnet50_DataParallel.txt-4d_ring_switch_switch_switch.json-4d_ring_switch_switch_switch_themis_scf.txt-100-4 4 8 8-2 8 4 1-125 25 25 50-1,0.000000,5394.638563,18.700312,9.668078,10.067094,0.000000,11.284656,17896.010469,545.612813,5.955766,2.019781,0.508391,0.119042,0.119042,0.508391,2.019781,5.955766,,,,,,,,,,,,,,,,,,,,,,,,,,,,,,,
,DDL_themis-Resnet50_DataParallel.txt-4d_ring_fc_ring_switch.json-4d_ring_fc_ring_switch_themis_scf.txt-100-4 8 4 8-2 7 6 1-187.5 25 25 100-1,0.000000,3968.173875,11.704656,7.643281,6.951719,0.000000,6.286453,13245.551547,198.063781,5.682370,2.407437,0.411109,0.068062,0.068062,0.411109,2.407437,5.682370,,,,,,,,,,,,,,,,,,,,,,,,,,,,,,,
layer_256_5_conv3,DDL_themis-Resnet50_DataParallel.txt-2d_switch.json-2d_switch_themis_scf.txt-100-16 64-6 1-25 100-1,0.000000,5610.808875,7.089406,54816.610063,2876.151156,2.430406,0.113083,0.113083,2.430406,,,,,,,,,,,,,,,,,,,,,,,,,,,,,,,,,,,,,,,
,DDL_themis-Resnet50_DataParallel.txt-3d_switch_homo.json-3d_switch_homo_themis_scf.txt-100-16 8 8-4 4 1-25 25 100-1,0.000000,4820.600500,8.062578,6.034625,0.000000,40382.239391,903.770422,4.178797,0.431560,0.042973,0.042973,0.431560,4.178797,,,,,,,,,,,,,,,,,,,,,,,,,,,,,,,,,,,
,DDL_themis-Resnet50_DataParallel.txt-3d_switch_hetero.json-3d_switch_hetero_themis_scf.txt-100-16 8 8-8 4 1-25 25 50-1,0.000000,4129.679812,7.251625,8.806688,0.000000,37407.818109,970.587125,3.580172,0.370339,0.057137,0.057137,0.370339,3.580172,,,,,,,,,,,,,,,,,,,,,,,,,,,,,,,,,,,
,DDL_themis-Resnet50_DataParallel.txt-3d_fc_ring_switch.json-3d_fc_ring_switch_themis_scf.txt-100-8 16 8-7 4 1-25 25 50-1,0.000000,4394.975719,6.903844,11.387750,0.001313,38680.728687,965.403078,6.055490,0.465161,0.054922,0.054922,0.465161,6.055490,,,,,,,,,,,,,,,,,,,,,,,,,,,,,,,,,,,
,DDL_themis-Resnet50_DataParallel.txt-4d_ring_switch_switch_switch.json-4d_ring_switch_switch_switch_themis_scf.txt-100-4 4 8 8-2 8 4 1-125 25 25 50-1,0.000000,2505.479469,8.268656,13.115609,6.430187,0.000000,4.805172,20032.523750,172.600641,2.647266,0.898286,0.226594,0.053437,0.053437,0.226594,0.898286,2.647266,,,,,,,,,,,,,,,,,,,,,,,,,,,,,,,
,DDL_themis-Resnet50_DataParallel.txt-4d_ring_fc_ring_switch.json-4d_ring_fc_ring_switch_themis_scf.txt-100-4 8 4 8-2 7 6 1-187.5 25 25 100-1,0.000000,1806.180984,12.649313,3.235516,3.056859,0.000000,3.980047,14875.960203,83.224594,2.526063,1.070370,0.183125,0.030375,0.030375,0.183125,1.070370,2.526063,,,,,,,,,,,,,,,,,,,,,,,,,,,,,,,
layer_256_6_conv1,DDL_themis-Resnet50_DataParallel.txt-2d_switch.json-2d_switch_themis_scf.txt-100-16 64-6 1-25 100-1,0.000000,6087.870250,6.578656,54375.409063,2420.660719,2.430406,0.113083,0.113083,2.430406,,,,,,,,,,,,,,,,,,,,,,,,,,,,,,,,,,,,,,,
,DDL_themis-Resnet50_DataParallel.txt-3d_switch_homo.json-3d_switch_homo_themis_scf.txt-100-16 8 8-4 4 1-25 25 100-1,0.000000,5151.138797,6.975828,6.249516,0.000000,40085.796656,708.444344,4.178797,0.431560,0.042973,0.042973,0.431560,4.178797,,,,,,,,,,,,,,,,,,,,,,,,,,,,,,,,,,,
,DDL_themis-Resnet50_DataParallel.txt-3d_switch_hetero.json-3d_switch_hetero_themis_scf.txt-100-16 8 8-8 4 1-25 25 50-1,0.000000,4343.380422,13.659437,9.255031,0.000000,37206.778188,816.884828,3.580172,0.370339,0.057137,0.057137,0.370339,3.580172,,,,,,,,,,,,,,,,,,,,,,,,,,,,,,,,,,,
,DDL_themis-Resnet50_DataParallel.txt-3d_fc_ring_switch.json-3d_fc_ring_switch_themis_scf.txt-100-8 16 8-7 4 1-25 25 50-1,0.000000,4765.629203,8.433109,8.487172,0.000000,38362.660625,741.570187,6.055490,0.465161,0.054922,0.054922,0.465161,6.055490,,,,,,,,,,,,,,,,,,,,,,,,,,,,,,,,,,,
,DDL_themis-Resnet50_DataParallel.txt-4d_ring_switch_switch_switch.json-4d_ring_switch_switch_switch_themis_scf.txt-100-4 4 8 8-2 8 4 1-125 25 25 50-1,0.000000,2717.316516,8.223094,5.504375,4.811484,0.000000,4.679859,19879.040437,114.764984,2.647266,0.898286,0.226594,0.053437,0.053437,0.226594,0.898286,2.647266,,,,,,,,,,,,,,,,,,,,,,,,,,,,,,,
,DDL_themis-Resnet50_DataParallel.txt-4d_ring_fc_ring_switch.json-4d_ring_fc_ring_switch_themis_scf.txt-100-4 8 4 8-2 7 6 1-187.5 25 25 100-1,0.000000,1989.558453,5.147969,3.672578,4.085422,0.000000,4.309203,14739.276609,61.953141,2.526063,1.070370,0.183125,0.030375,0.030375,0.183125,1.070370,2.526063,,,,,,,,,,,,,,,,,,,,,,,,,,,,,,,
layer_256_6_conv2,DDL_themis-Resnet50_DataParallel.txt-2d_switch.json-2d_switch_themis_scf.txt-100-16 64-6 1-25 100-1,0.000000,13067.866250,16.645203,47819.650609,7434.211438,5.466719,0.253010,0.253010,5.466719,,,,,,,,,,,,,,,,,,,,,,,,,,,,,,,,,,,,,,,
,DDL_themis-Resnet50_DataParallel.txt-3d_switch_homo.json-3d_switch_homo_themis_scf.txt-100-16 8 8-4 4 1-25 25 100-1,0.000000,11021.249953,18.173797,18.570016,0.000000,34738.708594,2493.161516,9.400620,0.969163,0.095586,0.095586,0.969163,9.400620,,,,,,,,,,,,,,,,,,,,,,,,,,,,,,,,,,,
,DDL_themis-Resnet50_DataParallel.txt-3d_switch_hetero.json-3d_switch_hetero_themis_scf.txt-100-16 8 8-8 4 1-25 25 50-1,0.000000,9421.374813,19.113953,19.612078,0.000000,32548.347656,2589.255813,8.053802,0.831445,0.127263,0.127263,0.831445,8.053802,,,,,,,,,,,,,,,,,,,,,,,,,,,,,,,,,,,
,DDL_themis-Resnet50_DataParallel.txt-3d_fc_ring_switch.json-3d_fc_ring_switch_themis_scf.txt-100-8 16 8-7 4 1-25 25 50-1,0.000000,10176.777766,18.680594,24.818109,0.000000,33584.391078,2527.375844,13.624234,1.045641,0.122755,0.122755,1.045641,13.624234,,,,,,,,,,,,,,,,,,,,,,,,,,,,,,,,,,,
,DDL_themis-Resnet50_DataParallel.txt-4d_ring_switch_switch_switch.json-4d_ring_switch_switch_switch_themis_scf.txt-100-4 4 8 8-2 8 4 1-125 25 25 50-1,0.000000,5787.726188,16.588562,12.204609,12.795281,0.000000,14.901703,17595.474406,438.325984,5.955766,2.019781,0.508391,0.119042,0.119042,0.508391,2.019781,5.955766,,,,,,,,,,,,,,,,,,,,,,,,,,,,,,,
,DDL_themis-Resnet50_DataParallel.txt-4d_ring_fc_ring_switch.json-4d_ring_fc_ring_switch_themis_scf.txt-100-4 8 4 8-2 7 6 1-187.5 25 25 100-1,0.000000,4259.448578,12.005047,7.858047,9.406422,0.000000,7.701156,13030.013297,165.218250,5.682370,2.407437,0.411109,0.068062,0.068062,0.411109,2.407437,5.682370,,,,,,,,,,,,,,,,,,,,,,,,,,,,,,,
layer_256_6_conv3,DDL_themis-Resnet50_DataParallel.txt-2d_switch.json-2d_switch_themis_scf.txt-100-16 64-6 1-25 100-1,0.000000,6482.551891,8.119891,54008.116375,2021.683906,2.430406,0.113083,0.113083,2.430406,,,,,,,,,,,,,,,,,,,,,,,,,,,,,,,,,,,,,,,
,DDL_themis-Resnet50_DataParallel.txt-3d_switch_homo.json-3d_switch_homo_themis_scf.txt-100-16 8 8-4 4 1-25 25 100-1,0.000000,5484.143234,8.491234,9.012766,0.000000,39783.392234,523.688297,4.178797,0.431560,0.042973,0.042973,0.431560,4.178797,,,,,,,,,,,,,,,,,,,,,,,,,,,,,,,,,,,
,DDL_themis-Resnet50_DataParallel.txt-3d_switch_hetero.json-3d_switch_hetero_themis_scf.txt-100-16 8 8-8 4 1-25 25 50-1,0.000000,4693.498656,8.418859,8.021672,0.000000,36898.184406,623.653063,3.580172,0.370339,0.057137,0.057137,0.370339,3.580172,,,,,,,,,,,,,,,,,,,,,,,,,,,,,,,,,,,
,DDL_themis-Resnet50_DataParallel.txt-3d_fc_ring_switch.json-3d_fc_ring_switch_themis_scf.txt-100-8 16 8-7 4 1-25 25 50-1,0.000000,5072.043937,9.110578,10.601313,0.000000,38095.277828,554.493297,6.055490,0.465161,0.054922,0.054922,0.465161,6.055490,,,,,,,,,,,,,,,,,,,,,,,,,,,,,,,,,,,
,DDL_themis-Resnet50_DataParallel.txt-4d_ring_switch_switch_switch.json-4d_ring_switch_switch_switch_themis_scf.txt-100-4 4 8 8-2 8 4 1-125 25 25 50-1,0.000000,2889.758453,8.980141,6.607563,6.668969,0.000000,4.739859,19749.478906,67.160094,2.647266,0.898286,0.226594,0.053437,0.053437,0.226594,0.898286,2.647266,,,,,,,,,,,,,,,,,,,,,,,,,,,,,,,
,DDL_themis-Resnet50_DataParallel.txt-4d_ring_fc_ring_switch.json-4d_ring_fc_ring_switch_themis_scf.txt-100-4 8 4 8-2 7 6 1-187.5 25 25 100-1,0.000000,2086.985187,13.685172,3.985734,3.788703,0.000000,3.587859,14662.833828,48.964891,2.526063,1.070370,0.183125,0.030375,0.030375,0.183125,1.070370,2.526063,,,,,,,,,,,,,,,,,,,,,,,,,,,,,,,
layer_512_1_conv4,DDL_themis-Resnet50_DataParallel.txt-2d_switch.json-2d_switch_themis_scf.txt-100-16 64-6 1-25 100-1,0.000000,25809.938469,53.753828,35790.873578,23097.351687,19.432781,0.895448,0.895448,19.432781,,,,,,,,,,,,,,,,,,,,,,,,,,,,,,,,,,,,,,,
,DDL_themis-Resnet50_DataParallel.txt-3d_switch_homo.json-3d_switch_homo_themis_scf.txt-100-16 8 8-4 4 1-25 25 100-1,0.000000,21685.276906,56.337156,52.637266,0.000000,24946.533500,10154.136516,33.419839,3.442400,0.335065,0.335065,3.442400,33.419839,,,,,,,,,,,,,,,,,,,,,,,,,,,,,,,,,,,
,DDL_themis-Resnet50_DataParallel.txt-3d_switch_hetero.json-3d_switch_hetero_themis_scf.txt-100-16 8 8-8 4 1-25 25 50-1,0.000000,18544.807500,65.822625,54.084609,0.000000,24080.280922,8985.665766,28.631552,2.952477,0.447438,0.447438,2.952477,28.631552,,,,,,,,,,,,,,,,,,,,,,,,,,,,,,,,,,,
,DDL_themis-Resnet50_DataParallel.txt-3d_fc_ring_switch.json-3d_fc_ring_switch_themis_scf.txt-100-8 16 8-7 4 1-25 25 50-1,0.000000,20017.919656,58.372953,80.304625,0.000000,24802.940094,11446.997422,48.439615,3.715953,0.432589,0.432589,3.715953,48.439615,,,,,,,,,,,,,,,,,,,,,,,,,,,,,,,,,,,
,DDL_themis-Resnet50_DataParallel.txt-4d_ring_switch_switch_switch.json-4d_ring_switch_switch_switch_themis_scf.txt-100-4 4 8 8-2 8 4 1-125 25 25 50-1,0.000000,11337.946859,46.515719,29.684422,22.472687,0.000000,30.889031,13343.524297,1670.603234,21.172750,7.178487,1.803768,0.418458,0.418458,1.803768,7.178487,21.172750,,,,,,,,,,,,,,,,,,,,,,,,,,,,,,,
,DDL_themis-Resnet50_DataParallel.txt-4d_ring_fc_ring_switch.json-4d_ring_fc_ring_switch_themis_scf.txt-100-4 8 4 8-2 7 6 1-187.5 25 25 100-1,0.000000,8337.337938,26.882672,20.876844,24.788484,0.000000,27.625375,9898.448547,1024.585422,20.202995,8.557906,1.460016,0.238792,0.238792,1.460016,8.557906,20.202995,,,,,,,,,,,,,,,,,,,,,,,,,,,,,,,
layer_512_1_conv1,DDL_themis-Resnet50_DataParallel.txt-2d_switch.json-2d_switch_themis_scf.txt-100-16 64-6 1-25 100-1,0.000000,7855.803516,13.331266,52716.336031,6228.682375,4.859313,0.224865,0.224865,4.859313,,,,,,,,,,,,,,,,,,,,,,,,,,,,,,,,,,,,,,,
,DDL_themis-Resnet50_DataParallel.txt-3d_switch_homo.json-3d_switch_homo_themis_scf.txt-100-16 8 8-4 4 1-25 25 100-1,0.000000,6638.149578,15.691906,12.453750,0.000000,38725.143578,2256.682031,8.355979,0.861622,0.084863,0.084863,0.861622,8.355979,,,,,,,,,,,,,,,,,,,,,,,,,,,,,,,,,,,
,DDL_themis-Resnet50_DataParallel.txt-3d_switch_hetero.json-3d_switch_hetero_themis_scf.txt-100-16 8 8-8 4 1-25 25 50-1,0.000000,5591.590969,19.332641,17.660453,0.000000,36054.957625,2299.926266,7.158958,0.739164,0.113038,0.113038,0.739164,7.158958,,,,,,,,,,,,,,,,,,,,,,,,,,,,,,,,,,,
,DDL_themis-Resnet50_DataParallel.txt-3d_fc_ring_switch.json-3d_fc_ring_switch_themis_scf.txt-100-8 16 8-7 4 1-25 25 50-1,0.000000,6041.955453,27.829359,17.543703,0.003500,37213.638125,2337.324828,12.110193,0.929562,0.109010,0.109010,0.929562,12.110193,,,,,,,,,,,,,,,,,,,,,,,,,,,,,,,,,,,
,DDL_themis-Resnet50_DataParallel.txt-4d_ring_switch_switch_switch.json-4d_ring_switch_switch_switch_themis_scf.txt-100-4 4 8 8-2 8 4 1-125 25 25 50-1,0.000000,3451.658219,7.767500,16.296187,5.930141,0.000000,8.045391,19322.553437,486.981391,5.293750,1.795456,0.451966,0.105708,0.105708,0.451966,1.795456,5.293750,,,,,,,,,,,,,,,,,,,,,,,,,,,,,,,
,DDL_themis-Resnet50_DataParallel.txt-4d_ring_fc_ring_switch.json-4d_ring_fc_ring_switch_themis_scf.txt-100-4 8 4 8-2 7 6 1-187.5 25 25 100-1,0.000000,2498.226125,19.756438,5.681953,5.473297,0.006891,7.070000,14344.389531,193.561922,5.051073,2.139922,0.365391,0.060312,0.060312,0.365391,2.139922,5.051073,,,,,,,,,,,,,,,,,,,,,,,,,,,,,,,
layer_512_1_conv2,DDL_themis-Resnet50_DataParallel.txt-2d_switch.json-2d_switch_themis_scf.txt-100-16 64-6 1-25 100-1,0.000000,29135.678656,58.028094,32672.880703,32322.883312,21.861750,1.007323,1.007323,21.861750,,,,,,,,,,,,,,,,,,,,,,,,,,,,,,,,,,,,,,,
,DDL_themis-Resnet50_DataParallel.txt-3d_switch_homo.json-3d_switch_homo_themis_scf.txt-100-16 8 8-4 4 1-25 25 100-1,0.000000,24481.026063,56.978672,56.063250,0.000000,22410.090219,14442.532672,37.597328,3.872462,0.376956,0.376956,3.872462,37.597328,,,,,,,,,,,,,,,,,,,,,,,,,,,,,,,,,,,
,DDL_themis-Resnet50_DataParallel.txt-3d_switch_hetero.json-3d_switch_hetero_themis_scf.txt-100-16 8 8-8 4 1-25 25 50-1,0.000000,20939.573734,75.517078,59.364922,0.000000,21885.214719,13219.896000,32.210578,3.321318,0.503366,0.503366,3.321318,32.210578,,,,,,,,,,,,,,,,,,,,,,,,,,,,,,,,,,,
,DDL_themis-Resnet50_DataParallel.txt-3d_fc_ring_switch.json-3d_fc_ring_switch_themis_scf.txt-100-8 16 8-7 4 1-25 25 50-1,0.000000,22602.513266,63.793906,70.190141,0.000000,22537.715625,16714.150406,54.494318,4.180401,0.486677,0.486677,4.180401,54.494318,,,,,,,,,,,,,,,,,,,,,,,,,,,,,,,,,,,
,DDL_themis-Resnet50_DataParallel.txt-4d_ring_switch_switch_switch.json-4d_ring_switch_switch_switch_themis_scf.txt-100-4 4 8 8-2 8 4 1-125 25 25 50-1,0.000000,12867.359078,75.263625,32.531484,29.918031,0.052406,37.258969,12263.039781,3596.609453,23.818969,8.076010,2.029141,0.470760,0.470760,2.029141,8.076010,23.818969,,,,,,,,,,,,,,,,,,,,,,,,,,,,,,,
,DDL_themis-Resnet50_DataParallel.txt-4d_ring_fc_ring_switch.json-4d_ring_fc_ring_switch_themis_scf.txt-100-4 8 4 8-2 7 6 1-187.5 25 25 100-1,0.000000,9426.936359,38.804219,24.578141,26.556422,0.000000,29.255578,9128.994266,2960.538250,22.728031,9.627865,1.642547,0.268729,0.268729,1.642547,9.627865,22.728031,,,,,,,,,,,,,,,,,,,,,,,,,,,,,,,
layer_512_1_conv3,DDL_themis-Resnet50_DataParallel.txt-2d_switch.json-2d_switch_themis_scf.txt-100-16 64-6 1-25 100-1,0.000000,14303.360266,24.721578,46657.467094,18698.106812,9.717187,0.448427,0.448427,9.717187,,,,,,,,,,,,,,,,,,,,,,,,,,,,,,,,,,,,,,,
,DDL_themis-Resnet50_DataParallel.txt-3d_switch_homo.json-3d_switch_homo_themis_scf.txt-100-16 8 8-4 4 1-25 25 100-1,0.000000,12059.489328,27.288906,22.533797,0.000000,33783.294719,8024.966500,16.710573,1.721852,0.168339,0.168339,1.721852,16.710573,,,,,,,,,,,,,,,,,,,,,,,,,,,,,,,,,,,
,DDL_themis-Resnet50_DataParallel.txt-3d_switch_hetero.json-3d_switch_hetero_themis_scf.txt-100-16 8 8-8 4 1-25 25 50-1,0.000000,10313.460266,29.344406,34.596422,0.000000,31710.761687,7138.837922,14.316490,1.476940,0.224543,0.224543,1.476940,14.316490,,,,,,,,,,,,,,,,,,,,,,,,,,,,,,,,,,,
,DDL_themis-Resnet50_DataParallel.txt-3d_fc_ring_switch.json-3d_fc_ring_switch_themis_scf.txt-100-8 16 8-7 4 1-25 25 50-1,0.000000,11135.534922,20.968797,25.952000,0.000000,32740.373172,9177.856438,24.219911,1.858240,0.216870,0.216870,1.858240,24.219911,,,,,,,,,,,,,,,,,,,,,,,,,,,,,,,,,,,
,DDL_themis-Resnet50_DataParallel.txt-4d_ring_switch_switch_switch.json-4d_ring_switch_switch_switch_themis_scf.txt-100-4 4 8 8-2 8 4 1-125 25 25 50-1,0.000000,6243.655672,17.205172,32.385719,16.088344,0.014969,15.957453,17264.597672,1631.419781,10.586750,3.589813,0.902458,0.209990,0.209990,0.902458,3.589813,10.586750,,,,,,,,,,,,,,,,,,,,,,,,,,,,,,,
,DDL_themis-Resnet50_DataParallel.txt-4d_ring_fc_ring_switch.json-4d_ring_fc_ring_switch_themis_scf.txt-100-4 8 4 8-2 7 6 1-187.5 25 25 100-1,0.000000,4600.851156,53.449266,10.134937,8.826187,0.000000,10.452172,12742.637453,1002.381281,10.101839,4.279417,0.730328,0.119854,0.119854,0.730328,4.279417,10.101839,,,,,,,,,,,,,,,,,,,,,,,,,,,,,,,
layer_512_2_conv1,DDL_themis-Resnet50_DataParallel.txt-2d_switch.json-2d_switch_themis_scf.txt-100-16 64-6 1-25 100-1,0.000000,15870.143938,25.787500,45193.380500,17103.529813,9.717187,0.448427,0.448427,9.717187,,,,,,,,,,,,,,,,,,,,,,,,,,,,,,,,,,,,,,,
,DDL_themis-Resnet50_DataParallel.txt-3d_switch_homo.json-3d_switch_homo_themis_scf.txt-100-16 8 8-4 4 1-25 25 100-1,0.000000,13377.732484,29.063078,23.377297,0.000000,32592.986984,6481.678734,16.710573,1.721852,0.168339,0.168339,1.721852,16.710573,,,,,,,,,,,,,,,,,,,,,,,,,,,,,,,,,,,
,DDL_themis-Resnet50_DataParallel.txt-3d_switch_hetero.json-3d_switch_hetero_themis_scf.txt-100-16 8 8-8 4 1-25 25 50-1,0.000000,11442.442563,34.971812,36.368750,0.000000,30677.180313,6429.380516,14.316490,1.476940,0.224543,0.224543,1.476940,14.316490,,,,,,,,,,,,,,,,,,,,,,,,,,,,,,,,,,,
,DDL_themis-Resnet50_DataParallel.txt-3d_fc_ring_switch.json-3d_fc_ring_switch_themis_scf.txt-100-8 16 8-7 4 1-25 25 50-1,0.000000,12353.123359,33.541266,40.083688,0.000000,31650.342625,8350.006375,24.219911,1.858240,0.216870,0.216870,1.858240,24.219911,,,,,,,,,,,,,,,,,,,,,,,,,,,,,,,,,,,
,DDL_themis-Resnet50_DataParallel.txt-4d_ring_switch_switch_switch.json-4d_ring_switch_switch_switch_themis_scf.txt-100-4 4 8 8-2 8 4 1-125 25 25 50-1,0.000000,7026.462641,19.470953,17.815719,10.529891,0.000000,12.358203,16697.626563,1352.935609,10.586750,3.589813,0.902458,0.209990,0.209990,0.902458,3.589813,10.586750,,,,,,,,,,,,,,,,,,,,,,,,,,,,,,,
,DDL_themis-Resnet50_DataParallel.txt-4d_ring_fc_ring_switch.json-4d_ring_fc_ring_switch_themis_scf.txt-100-4 8 4 8-2 7 6 1-187.5 25 25 100-1,0.000000,5179.051359,18.520437,10.484922,13.885891,0.000000,9.379156,12341.110875,756.781281,10.101839,4.279417,0.730328,0.119854,0.119854,0.730328,4.279417,10.101839,,,,,,,,,,,,,,,,,,,,,,,,,,,,,,,
layer_512_2_conv2,DDL_themis-Resnet50_DataParallel.txt-2d_switch.json-2d_switch_themis_scf.txt-100-16 64-6 1-25 100-1,0.000000,32667.804484,58.268563,29380.787875,28739.162437,21.861750,1.007323,1.007323,21.861750,,,,,,,,,,,,,,,,,,,,,,,,,,,,,,,,,,,,,,,
,DDL_themis-Resnet50_DataParallel.txt-3d_switch_homo.json-3d_switch_homo_themis_scf.txt-100-16 8 8-4 4 1-25 25 100-1,0.000000,27455.829234,67.919250,58.357625,0.000000,19722.956906,12712.960641,37.597328,3.872462,0.376956,0.376956,3.872462,37.597328,,,,,,,,,,,,,,,,,,,,,,,,,,,,,,,,,,,
,DDL_themis-Resnet50_DataParallel.txt-3d_switch_hetero.json-3d_switch_hetero_themis_scf.txt-100-16 8 8-8 4 1-25 25 50-1,0.000000,23486.430703,62.233297,77.196250,0.000000,19573.132344,11625.459875,32.210578,3.321318,0.503366,0.503366,3.321318,32.210578,,,,,,,,,,,,,,,,,,,,,,,,,,,,,,,,,,,
,DDL_themis-Resnet50_DataParallel.txt-3d_fc_ring_switch.json-3d_fc_ring_switch_themis_scf.txt-100-8 16 8-7 4 1-25 25 50-1,0.000000,25350.043047,107.387969,90.846484,0.000000,20082.873656,14441.624203,54.494318,4.180401,0.486677,0.486677,4.180401,54.494318,,,,,,,,,,,,,,,,,,,,,,,,,,,,,,,,,,,
,DDL_themis-Resnet50_DataParallel.txt-4d_ring_switch_switch_switch.json-4d_ring_switch_switch_switch_themis_scf.txt-100-4 4 8 8-2 8 4 1-125 25 25 50-1,0.000000,14502.377359,41.710813,37.368281,34.367250,0.000000,36.782500,11113.175078,2581.333922,23.818969,8.076010,2.029141,0.470760,0.470760,2.029141,8.076010,23.818969,,,,,,,,,,,,,,,,,,,,,,,,,,,,,,,
,DDL_themis-Resnet50_DataParallel.txt-4d_ring_fc_ring_switch.json-4d_ring_fc_ring_switch_themis_scf.txt-100-4 8 4 8-2 7 6 1-187.5 25 25 100-1,0.000000,10637.375047,41.141516,26.290344,22.199562,0.000000,25.371422,8426.394188,3242.517313,22.728031,9.627865,1.642547,0.268729,0.268729,1.642547,9.627865,22.728031,,,,,,,,,,,,,,,,,,,,,,,,,,,,,,,
layer_512_2_conv3,DDL_themis-Resnet50_DataParallel.txt-2d_switch.json-2d_switch_themis_scf.txt-100-16 64-6 1-25 100-1,0.000000,17445.487328,26.279609,43729.985000,15508.952812,9.717187,0.448427,0.448427,9.717187,,,,,,,,,,,,,,,,,,,,,,,,,,,,,,,,,,,,,,,
,DDL_themis-Resnet50_DataParallel.txt-3d_switch_homo.json-3d_switch_homo_themis_scf.txt-100-16 8 8-4 4 1-25 25 100-1,0.000000,14706.144828,28.968328,29.185172,0.000000,31398.121703,5711.870703,16.710573,1.721852,0.168339,0.168339,1.721852,16.710573,,,,,,,,,,,,,,,,,,,,,,,,,,,,,,,,,,,
,DDL_themis-Resnet50_DataParallel.txt-3d_switch_hetero.json-3d_switch_hetero_themis_scf.txt-100-16 8 8-8 4 1-25 25 50-1,0.000000,12580.789625,26.593391,40.830203,0.000000,29654.574141,5719.576844,14.316490,1.476940,0.224543,0.224543,1.476940,14.316490,,,,,,,,,,,,,,,,,,,,,,,,,,,,,,,,,,,
,DDL_themis-Resnet50_DataParallel.txt-3d_fc_ring_switch.json-3d_fc_ring_switch_themis_scf.txt-100-8 16 8-7 4 1-25 25 50-1,0.000000,13579.863703,34.644141,34.462375,0.000000,30592.894500,7357.765219,24.219911,1.858240,0.216870,0.216870,1.858240,24.219911,,,,,,,,,,,,,,,,,,,,,,,,,,,,,,,,,,,
,DDL_themis-Resnet50_DataParallel.txt-4d_ring_switch_switch_switch.json-4d_ring_switch_switch_switch_themis_scf.txt-100-4 4 8 8-2 8 4 1-125 25 25 50-1,0.000000,7599.229547,23.738031,33.758047,18.388156,0.014969,16.256484,16264.220266,1135.276437,10.586750,3.589813,0.902458,0.209990,0.209990,0.902458,3.589813,10.586750,,,,,,,,,,,,,,,,,,,,,,,,,,,,,,,
,DDL_themis-Resnet50_DataParallel.txt-4d_ring_fc_ring_switch.json-4d_ring_fc_ring_switch_themis_scf.txt-100-4 8 4 8-2 7 6 1-187.5 25 25 100-1,0.000000,5611.605875,59.714937,12.129734,14.414062,0.000000,14.806156,11986.212391,467.466375,10.101839,4.279417,0.730328,0.119854,0.119854,0.730328,4.279417,10.101839,,,,,,,,,,,,,,,,,,,,,,,,,,,,,,,
layer_512_3_conv1,DDL_themis-Resnet50_DataParallel.txt-2d_switch.json-2d_switch_themis_scf.txt-100-16 64-6 1-25 100-1,0.000000,19012.339953,25.989062,42267.185922,13914.375813,9.717187,0.448427,0.448427,9.717187,,,,,,,,,,,,,,,,,,,,,,,,,,,,,,,,,,,,,,,
,DDL_themis-Resnet50_DataParallel.txt-3d_switch_homo.json-3d_switch_homo_themis_scf.txt-100-16 8 8-4 4 1-25 25 100-1,0.000000,16024.240922,25.940391,22.305641,0.000000,30219.934187,4945.287438,16.710573,1.721852,0.168339,0.168339,1.721852,16.710573,,,,,,,,,,,,,,,,,,,,,,,,,,,,,,,,,,,
,DDL_themis-Resnet50_DataParallel.txt-3d_switch_hetero.json-3d_switch_hetero_themis_scf.txt-100-16 8 8-8 4 1-25 25 50-1,0.000000,13709.216797,29.439297,38.272000,0.000000,28629.893844,5001.194734,14.316490,1.476940,0.224543,0.224543,1.476940,14.316490,,,,,,,,,,,,,,,,,,,,,,,,,,,,,,,,,,,
,DDL_themis-Resnet50_DataParallel.txt-3d_fc_ring_switch.json-3d_fc_ring_switch_themis_scf.txt-100-8 16 8-7 4 1-25 25 50-1,0.000000,14796.670078,33.789719,37.203469,0.000000,29528.354297,5081.099812,24.219911,1.858240,0.216870,0.216870,1.858240,24.219911,,,,,,,,,,,,,,,,,,,,,,,,,,,,,,,,,,,
,DDL_themis-Resnet50_DataParallel.txt-4d_ring_switch_switch_switch.json-4d_ring_switch_switch_switch_themis_scf.txt-100-4 4 8 8-2 8 4 1-125 25 25 50-1,0.000000,8396.570672,31.524406,16.851453,15.897453,0.000000,20.340312,15660.720266,897.981984,10.586750,3.589812,0.902458,0.209990,0.209990,0.902458,3.589812,10.586750,,,,,,,,,,,,,,,,,,,,,,,,,,,,,,,
,DDL_themis-Resnet50_DataParallel.txt-4d_ring_fc_ring_switch.json-4d_ring_fc_ring_switch_themis_scf.txt-100-4 8 4 8-2 7 6 1-187.5 25 25 100-1,0.000000,6111.297609,62.050469,12.121125,14.124172,0.000000,14.354359,11614.233656,349.687031,10.101839,4.279417,0.730328,0.119854,0.119854,0.730328,4.279417,10.101839,,,,,,,,,,,,,,,,,,,,,,,,,,,,,,,
layer_512_3_conv2,DDL_themis-Resnet50_DataParallel.txt-2d_switch.json-2d_switch_themis_scf.txt-100-16 64-6 1-25 100-1,0.000000,41022.386656,92.248797,26135.962797,21778.002203,21.861750,1.007323,1.007323,21.861750,,,,,,,,,,,,,,,,,,,,,,,,,,,,,,,,,,,,,,,
,DDL_themis-Resnet50_DataParallel.txt-3d_switch_homo.json-3d_switch_homo_themis_scf.txt-100-16 8 8-4 4 1-25 25 100-1,0.000000,36103.992281,182.000375,41.410422,0.000000,15769.273828,8104.075219,37.597328,3.872462,0.376956,0.376956,3.872462,37.597328,,,,,,,,,,,,,,,,,,,,,,,,,,,,,,,,,,,
,DDL_themis-Resnet50_DataParallel.txt-3d_switch_hetero.json-3d_switch_hetero_themis_scf.txt-100-16 8 8-8 4 1-25 25 50-1,0.000000,28153.476344,188.959375,93.544500,0.000000,16661.069953,8897.979922,32.210578,3.321318,0.503366,0.503366,3.321318,32.210578,,,,,,,,,,,,,,,,,,,,,,,,,,,,,,,,,,,
,DDL_themis-Resnet50_DataParallel.txt-3d_fc_ring_switch.json-3d_fc_ring_switch_themis_scf.txt-100-8 16 8-7 4 1-25 25 50-1,0.000000,33260.464781,109.636125,72.219625,0.000000,19397.127062,10504.661313,54.494318,4.180401,0.486677,0.486677,4.180401,54.494318,,,,,,,,,,,,,,,,,,,,,,,,,,,,,,,,,,,
,DDL_themis-Resnet50_DataParallel.txt-4d_ring_switch_switch_switch.json-4d_ring_switch_switch_switch_themis_scf.txt-100-4 4 8 8-2 8 4 1-125 25 25 50-1,0.000000,17170.968812,149.509719,52.578187,47.126281,0.000000,36.466891,9633.347141,1553.289172,23.818969,8.076010,2.029141,0.470760,0.470760,2.029141,8.076010,23.818969,,,,,,,,,,,,,,,,,,,,,,,,,,,,,,,
,DDL_themis-Resnet50_DataParallel.txt-4d_ring_fc_ring_switch.json-4d_ring_fc_ring_switch_themis_scf.txt-100-4 8 4 8-2 7 6 1-187.5 25 25 100-1,0.000000,13627.714641,129.352672,32.285359,27.249781,0.000000,25.949922,7705.407234,2088.251250,22.728031,9.627865,1.642547,0.268729,0.268729,1.642547,9.627865,22.728031,,,,,,,,,,,,,,,,,,,,,,,,,,,,,,,
layer_512_3_conv3,DDL_themis-Resnet50_DataParallel.txt-2d_switch.json-2d_switch_themis_scf.txt-100-16 64-6 1-25 100-1,0.000000,20587.224672,30.864187,40799.866078,12319.798812,9.717187,0.448427,0.448427,9.717187,,,,,,,,,,,,,,,,,,,,,,,,,,,,,,,,,,,,,,,
,DDL_themis-Resnet50_DataParallel.txt-3d_switch_homo.json-3d_switch_homo_themis_scf.txt-100-16 8 8-4 4 1-25 25 100-1,0.000000,17351.543187,33.360844,34.813719,0.000000,29011.191438,4178.894234,16.710573,1.721852,0.168339,0.168339,1.721852,16.710573,,,,,,,,,,,,,,,,,,,,,,,,,,,,,,,,,,,
,DDL_themis-Resnet50_DataParallel.txt-3d_switch_hetero.json-3d_switch_hetero_themis_scf.txt-100-16 8 8-8 4 1-25 25 50-1,0.000000,14846.451109,34.603969,35.578688,0.000000,27601.646906,4302.665781,14.316490,1.476940,0.224543,0.224543,1.476940,14.316490,,,,,,,,,,,,,,,,,,,,,,,,,,,,,,,,,,,
,DDL_themis-Resnet50_DataParallel.txt-3d_fc_ring_switch.json-3d_fc_ring_switch_themis_scf.txt-100-8 16 8-7 4 1-25 25 50-1,0.000000,16027.595266,38.118250,45.573437,0.000000,28449.008000,4258.247938,24.219911,1.858240,0.216870,0.216870,1.858240,24.219911,,,,,,,,,,,,,,,,,,,,,,,,,,,,,,,,,,,
,DDL_themis-Resnet50_DataParallel.txt-4d_ring_switch_switch_switch.json-4d_ring_switch_switch_switch_themis_scf.txt-100-4 4 8 8-2 8 4 1-125 25 25 50-1,0.000000,9098.792922,24.055641,17.903375,17.276937,0.000000,19.207359,15140.836687,728.394609,10.586750,3.589812,0.902458,0.209990,0.209990,0.902458,3.589812,10.586750,,,,,,,,,,,,,,,,,,,,,,,,,,,,,,,
,DDL_themis-Resnet50_DataParallel.txt-4d_ring_fc_ring_switch.json-4d_ring_fc_ring_switch_themis_scf.txt-100-4 8 4 8-2 7 6 1-187.5 25 25 100-1,0.000000,6716.098172,20.334375,13.866500,16.392531,0.000000,17.348531,11200.379359,275.326641,10.101839,4.279417,0.730328,0.119854,0.119854,0.730328,4.279417,10.101839,,,,,,,,,,,,,,,,,,,,,,,,,,,,,,,
fc1000,DDL_themis-Resnet50_DataParallel.txt-2d_switch.json-2d_switch_themis_scf.txt-100-16 64-6 1-25 100-1,0.000000,22114.864266,63.074734,39309.268797,20374.658266,18.977406,0.874583,0.874583,18.977406,,,,,,,,,,,,,,,,,,,,,,,,,,,,,,,,,,,,,,,
,DDL_themis-Resnet50_DataParallel.txt-3d_switch_homo.json-3d_switch_homo_themis_scf.txt-100-16 8 8-4 4 1-25 25 100-1,0.000000,18309.493219,128.316453,42.094203,0.001063,28010.746438,8881.612578,32.636703,3.361818,0.327141,0.327141,3.361818,32.636703,,,,,,,,,,,,,,,,,,,,,,,,,,,,,,,,,,,
,DDL_themis-Resnet50_DataParallel.txt-3d_switch_hetero.json-3d_switch_hetero_themis_scf.txt-100-16 8 8-8 4 1-25 25 50-1,0.000000,15660.476984,105.595891,61.463172,0.000000,26728.544250,7539.778453,27.960719,2.883428,0.436967,0.436967,2.883428,27.960719,,,,,,,,,,,,,,,,,,,,,,,,,,,,,,,,,,,
,DDL_themis-Resnet50_DataParallel.txt-3d_fc_ring_switch.json-3d_fc_ring_switch_themis_scf.txt-100-8 16 8-7 4 1-25 25 50-1,0.000000,16890.596000,114.959609,55.464906,0.003500,27564.305781,9988.871875,47.303990,3.629130,0.422464,0.422464,3.629130,47.303990,,,,,,,,,,,,,,,,,,,,,,,,,,,,,,,,,,,
,DDL_themis-Resnet50_DataParallel.txt-4d_ring_switch_switch_switch.json-4d_ring_switch_switch_switch_themis_scf.txt-100-4 4 8 8-2 8 4 1-125 25 25 50-1,0.000000,9335.230656,125.138953,30.031750,25.935250,0.018469,21.817250,14817.924172,1590.230781,20.676281,7.010570,1.761615,0.408677,0.408677,1.761615,7.010570,20.676281,,,,,,,,,,,,,,,,,,,,,,,,,,,,,,,
,DDL_themis-Resnet50_DataParallel.txt-4d_ring_fc_ring_switch.json-4d_ring_fc_ring_switch_themis_scf.txt-100-4 8 4 8-2 7 6 1-187.5 25 25 100-1,0.000000,6945.192063,71.553109,19.134203,16.435266,0.004938,18.017703,10974.935953,813.424250,19.729266,8.357573,1.425844,0.233187,0.233187,1.425844,8.357573,19.729266,,,,,,,,,,,,,,,,,,,,,,,,,,,,,,,
,,,,,,,,,,,,,,,,,,,,,,,,,,,,,,,,,,,,,,,,,,,,,,,,,
,,,,,,,,,,,,,,,,,,,,,,,,,,,,,,,,,,,,,,,,,,,,,,,,,
,,,,,,,,,,,,,,,,,,,,,,,,,,,,,,,,,,,,,,,,,,,,,,,,,
,,,,,,,,,,,,,,,,,,,,,,,,,,,,,,,,,,,,,,,,,,,,,,,,,
,,,,,,,,,,,,,,,,,,,,,,,,,,,,,,,,,,,,,,,,,,,,,,,,,
,,,,,,,,,,,,,,,,,,,,,,,,,,,,,,,,,,,,,,,,,,,,,,,,,
,,,,,,,,,,,,,,,,,,,,,,,,,,,,,,,,,,,,,,,,,,,,,,,,,
,,,,,,,,,,,,,,,,,,,,,,,,,,,,,,,,,,,,,,,,,,,,,,,,,
,,,,,,,,,,,,,,,,,,,,,,,,,,,,,,,,,,,,,,,,,,,,,,,,,
,,,,,,,,,,,,,,,,,,,,,,,,,,,,,,,,,,,,,,,,,,,,,,,,,
,,,,,,,,,,,,,,,,,,,,,,,,,,,,,,,,,,,,,,,,,,,,,,,,,
,,,,,,,,,,,,,,,,,,,,,,,,,,,,,,,,,,,,,,,,,,,,,,,,,
,,,,,,,,,,,,,,,,,,,,,,,,,,,,,,,,,,,,,,,,,,,,,,,,,
,,,,,,,,,,,,,,,,,,,,,,,,,,,,,,,,,,,,,,,,,,,,,,,,,
,,,,,,,,,,,,,,,,,,,,,,,,,,,,,,,,,,,,,,,,,,,,,,,,,
,,,,,,,,,,,,,,,,,,,,,,,,,,,,,,,,,,,,,,,,,,,,,,,,,
,,,,,,,,,,,,,,,,,,,,,,,,,,,,,,,,,,,,,,,,,,,,,,,,,
,,,,,,,,,,,,,,,,,,,,,,,,,,,,,,,,,,,,,,,,,,,,,,,,,
,,,,,,,,,,,,,,,,,,,,,,,,,,,,,,,,,,,,,,,,,,,,,,,,,
