,,avg chunk delay dimension 1queuing delay phase 0,avg chunk delay dimension 2queuing delay phase 1,avg chunk delay dimension 3network delay phase 1,,,,,,,,,,,,,,,,,,,,,,,,,,,,,,,,,,,,,,,,,,,,,
Embedding,DDL_themis-Transformer_HybridParallel.txt-2d_switch.json-2d_switch_themis_scf.txt-100-16 64-6 1-25 100-1,497.9311380.000000,383.0577617690.630500,379.264983122.072000,,,,,,,,,,,,,,,,,,,,,,,,,,,,,,,,,,,,,,,,,,,,,
,DDL_themis-Transformer_HybridParallel.txt-3d_switch_homo.json-3d_switch_homo_themis_scf.txt-100-16 8 8-4 4 1-25 25 100-1,746.8890690.000000,321.73105211535.835500,316.249056183.107000,315.839940,,,,,,,,,,,,,,,,,,,,,,,,,,,,,,,,,,,,,,,,,,,,
,DDL_themis-Transformer_HybridParallel.txt-3d_switch_hetero.json-3d_switch_hetero_themis_scf.txt-100-16 8 8-8 4 1-25 25 50-1,373.4509830.000000,266.4441275768.028000,277.79284891.554500,286.363966,,,,,,,,,,,,,,,,,,,,,,,,,,,,,,,,,,,,,,,,,,,,
,DDL_themis-Transformer_HybridParallel.txt-3d_fc_ring_switch.json-3d_fc_ring_switch_themis_scf.txt-100-8 16 8-7 4 1-25 25 50-1,995.8437760.000000,1888.81081715380.946000,320.057207488.282000,323.181273,,,,,,,,,,,,,,,,,,,,,,,,,,,,,,,,,,,,,,,,,,,,
,DDL_themis-Transformer_HybridParallel.txt-4d_ring_switch_switch_switch.json-4d_ring_switch_switch_switch_themis_scf.txt-100-4 4 8 8-2 8 4 1-125 25 25 50-1,298.7801550.000000,266.4441274614.466500,277.79284848.829000,286.363966,,,,,,,,,,,,,,,,,,,,,,,,,,,,,,,,,,,,,,,,,,,,
,DDL_themis-Transformer_HybridParallel.txt-4d_ring_fc_ring_switch.json-4d_ring_fc_ring_switch_themis_scf.txt-100-4 8 4 8-2 7 6 1-187.5 25 25 100-1,199.1967590.000000,224.8825193076.384500,220.29798432.553000,229.926734,,,,,,,,,,,,,,,,,,,,,,,,,,,,,,,,,,,,,,,,,,,,
Q1,DDL_themis-Transformer_HybridParallel.txt-2d_switch.json-2d_switch_themis_scf.txt-100-16 64-6 1-25 100-1,0.000000,4947.683914,103.678828,40911.682578,7140.994242,72.034001,23.433805,8.174055,56.774251,,,,,,,,,,,,,,,,,,,,,,,,,,,,,,,,,,,,,,,
,DDL_themis-Transformer_HybridParallel.txt-3d_switch_homo.json-3d_switch_homo_themis_scf.txt-100-16 8 8-4 4 1-25 25 100-1,0.000000,5490.543539,102.223984,92.296211,0.000000,12297.097047,10709.444508,102.362656,36.161676,1.990059,1.990059,13.272676,79.473656,,,,,,,,,,,,,,,,,,,,,,,,,,,,,,,,,,,
,DDL_themis-Transformer_HybridParallel.txt-3d_switch_hetero.json-3d_switch_hetero_themis_scf.txt-100-16 8 8-8 4 1-25 25 50-1,0.000000,3822.195609,157.344383,130.669289,0.000000,16149.288992,3221.709992,71.050258,30.230900,3.521109,3.521109,18.786150,59.605508,,,,,,,,,,,,,,,,,,,,,,,,,,,,,,,,,,,
,DDL_themis-Transformer_HybridParallel.txt-3d_fc_ring_switch.json-3d_fc_ring_switch_themis_scf.txt-100-8 16 8-7 4 1-25 25 50-1,0.000000,34096.216195,7.115844,7.098391,0.000000,44361.923883,187.347922,543.912854,89.367906,3.303659,3.303659,28.332406,482.877354,,,,,,,,,,,,,,,,,,,,,,,,,,,,,,,,,,,
,DDL_themis-Transformer_HybridParallel.txt-4d_ring_switch_switch_switch.json-4d_ring_switch_switch_switch_themis_scf.txt-100-4 4 8 8-2 8 4 1-125 25 25 50-1,0.000000,3507.575156,175.025797,132.459438,0.000000,55129.390859,2048.540367,65.709508,24.890150,3.521109,3.521109,18.786150,59.605508,,,,,,,,,,,,,,,,,,,,,,,,,,,,,,,,,,,
,DDL_themis-Transformer_HybridParallel.txt-4d_ring_fc_ring_switch.json-4d_ring_fc_ring_switch_themis_scf.txt-100-4 8 4 8-2 7 6 1-187.5 25 25 100-1,0.000000,2711.757266,76.735711,88.496188,0.000000,88460.902758,2767.118305,81.953312,19.507484,2.275469,2.275469,15.437984,77.883813,,,,,,,,,,,,,,,,,,,,,,,,,,,,,,,,,,,
K1,DDL_themis-Transformer_HybridParallel.txt-2d_switch.json-2d_switch_themis_scf.txt-100-16 64-6 1-25 100-1,0.000000,17700.712984,211.713547,75441.268594,9697.153500,113.548503,16.348109,16.348109,113.548503,,,,,,,,,,,,,,,,,,,,,,,,,,,,,,,,,,,,,,,
,DDL_themis-Transformer_HybridParallel.txt-3d_switch_homo.json-3d_switch_homo_themis_scf.txt-100-16 8 8-4 4 1-25 25 100-1,0.000000,14978.725266,200.373844,176.140500,0.000000,17254.507609,13310.250078,158.947313,26.545352,3.980117,3.980117,26.545352,158.947313,,,,,,,,,,,,,,,,,,,,,,,,,,,,,,,,,,,
,DDL_themis-Transformer_HybridParallel.txt-3d_switch_hetero.json-3d_switch_hetero_themis_scf.txt-100-16 8 8-8 4 1-25 25 50-1,0.000000,12884.831391,310.827969,328.101016,0.000000,27648.213422,5815.708000,119.211016,37.572299,7.042219,7.042219,37.572299,119.211016,,,,,,,,,,,,,,,,,,,,,,,,,,,,,,,,,,,
,DDL_themis-Transformer_HybridParallel.txt-3d_fc_ring_switch.json-3d_fc_ring_switch_themis_scf.txt-100-8 16 8-7 4 1-25 25 50-1,0.000000,182789.836047,22.876719,11.394234,0.000000,88722.835250,355.276625,965.754708,56.664812,6.607318,6.607318,56.664812,965.754708,,,,,,,,,,,,,,,,,,,,,,,,,,,,,,,,,,,
,DDL_themis-Transformer_HybridParallel.txt-4d_ring_switch_switch_switch.json-4d_ring_switch_switch_switch_themis_scf.txt-100-4 4 8 8-2 8 4 1-125 25 25 50-1,0.000000,12923.225234,351.511047,334.046234,0.000000,105481.247016,3171.029812,119.211016,37.572299,7.042219,7.042219,37.572299,119.211016,,,,,,,,,,,,,,,,,,,,,,,,,,,,,,,,,,,
,DDL_themis-Transformer_HybridParallel.txt-4d_ring_fc_ring_switch.json-4d_ring_fc_ring_switch_themis_scf.txt-100-4 8 4 8-2 7 6 1-187.5 25 25 100-1,0.000000,9976.288766,141.031000,161.487281,0.000000,172719.912313,4360.484406,155.767625,30.875969,4.550937,4.550937,30.875969,155.767625,,,,,,,,,,,,,,,,,,,,,,,,,,,,,,,,,,,
V1,DDL_themis-Transformer_HybridParallel.txt-2d_switch.json-2d_switch_themis_scf.txt-100-16 64-6 1-25 100-1,0.000000,29344.877812,204.554250,69066.813766,5494.095422,113.548503,16.348109,16.348109,113.548503,,,,,,,,,,,,,,,,,,,,,,,,,,,,,,,,,,,,,,,
,DDL_themis-Transformer_HybridParallel.txt-3d_switch_homo.json-3d_switch_homo_themis_scf.txt-100-16 8 8-4 4 1-25 25 100-1,0.000000,23254.192984,197.853719,194.729938,0.000000,12402.023000,8400.275969,158.947313,26.545352,3.980117,3.980117,26.545352,158.947313,,,,,,,,,,,,,,,,,,,,,,,,,,,,,,,,,,,
,DDL_themis-Transformer_HybridParallel.txt-3d_switch_hetero.json-3d_switch_hetero_themis_scf.txt-100-16 8 8-8 4 1-25 25 50-1,0.000000,20538.916375,201.502547,262.134469,0.000000,23732.974375,4025.866687,119.211016,37.572299,7.042219,7.042219,37.572299,119.211016,,,,,,,,,,,,,,,,,,,,,,,,,,,,,,,,,,,
,DDL_themis-Transformer_HybridParallel.txt-3d_fc_ring_switch.json-3d_fc_ring_switch_themis_scf.txt-100-8 16 8-7 4 1-25 25 50-1,0.000000,305032.629219,42.622484,8.591688,0.000000,88721.822734,370.533156,965.754708,56.664812,6.607318,6.607318,56.664812,965.754708,,,,,,,,,,,,,,,,,,,,,,,,,,,,,,,,,,,
,DDL_themis-Transformer_HybridParallel.txt-4d_ring_switch_switch_switch.json-4d_ring_switch_switch_switch_themis_scf.txt-100-4 4 8 8-2 8 4 1-125 25 25 50-1,0.000000,21484.139172,254.879391,397.546531,0.000000,100637.200094,1677.635672,119.211016,37.572299,7.042219,7.042219,37.572299,119.211016,,,,,,,,,,,,,,,,,,,,,,,,,,,,,,,,,,,
,DDL_themis-Transformer_HybridParallel.txt-4d_ring_fc_ring_switch.json-4d_ring_fc_ring_switch_themis_scf.txt-100-4 8 4 8-2 7 6 1-187.5 25 25 100-1,0.000000,20066.033953,163.785703,172.671484,0.000000,165986.858391,1340.889891,155.767625,30.875969,4.550937,4.550937,30.875969,155.767625,,,,,,,,,,,,,,,,,,,,,,,,,,,,,,,,,,,
Softmax1,DDL_themis-Transformer_HybridParallel.txt-2d_switch.json-2d_switch_themis_scf.txt-100-16 64-6 1-25 100-1,,,,,,,,,,,,,,,,,,,,,,,,,,,,,,,,,,,,,,,,,,,,,,,,
,DDL_themis-Transformer_HybridParallel.txt-3d_switch_homo.json-3d_switch_homo_themis_scf.txt-100-16 8 8-4 4 1-25 25 100-1,,,,,,,,,,,,,,,,,,,,,,,,,,,,,,,,,,,,,,,,,,,,,,,,
,DDL_themis-Transformer_HybridParallel.txt-3d_switch_hetero.json-3d_switch_hetero_themis_scf.txt-100-16 8 8-8 4 1-25 25 50-1,,,,,,,,,,,,,,,,,,,,,,,,,,,,,,,,,,,,,,,,,,,,,,,,
,DDL_themis-Transformer_HybridParallel.txt-3d_fc_ring_switch.json-3d_fc_ring_switch_themis_scf.txt-100-8 16 8-7 4 1-25 25 50-1,,,,,,,,,,,,,,,,,,,,,,,,,,,,,,,,,,,,,,,,,,,,,,,,
,DDL_themis-Transformer_HybridParallel.txt-4d_ring_switch_switch_switch.json-4d_ring_switch_switch_switch_themis_scf.txt-100-4 4 8 8-2 8 4 1-125 25 25 50-1,,,,,,,,,,,,,,,,,,,,,,,,,,,,,,,,,,,,,,,,,,,,,,,,
,DDL_themis-Transformer_HybridParallel.txt-4d_ring_fc_ring_switch.json-4d_ring_fc_ring_switch_themis_scf.txt-100-4 8 4 8-2 7 6 1-187.5 25 25 100-1,,,,,,,,,,,,,,,,,,,,,,,,,,,,,,,,,,,,,,,,,,,,,,,,
QKV1,DDL_themis-Transformer_HybridParallel.txt-2d_switch.json-2d_switch_themis_scf.txt-100-16 64-6 1-25 100-1,,,,,,,,,,,,,,,,,,,,,,,,,,,,,,,,,,,,,,,,,,,,,,,,
,DDL_themis-Transformer_HybridParallel.txt-3d_switch_homo.json-3d_switch_homo_themis_scf.txt-100-16 8 8-4 4 1-25 25 100-1,,,,,,,,,,,,,,,,,,,,,,,,,,,,,,,,,,,,,,,,,,,,,,,,
,DDL_themis-Transformer_HybridParallel.txt-3d_switch_hetero.json-3d_switch_hetero_themis_scf.txt-100-16 8 8-8 4 1-25 25 50-1,,,,,,,,,,,,,,,,,,,,,,,,,,,,,,,,,,,,,,,,,,,,,,,,
,DDL_themis-Transformer_HybridParallel.txt-3d_fc_ring_switch.json-3d_fc_ring_switch_themis_scf.txt-100-8 16 8-7 4 1-25 25 50-1,,,,,,,,,,,,,,,,,,,,,,,,,,,,,,,,,,,,,,,,,,,,,,,,
,DDL_themis-Transformer_HybridParallel.txt-4d_ring_switch_switch_switch.json-4d_ring_switch_switch_switch_themis_scf.txt-100-4 4 8 8-2 8 4 1-125 25 25 50-1,,,,,,,,,,,,,,,,,,,,,,,,,,,,,,,,,,,,,,,,,,,,,,,,
,DDL_themis-Transformer_HybridParallel.txt-4d_ring_fc_ring_switch.json-4d_ring_fc_ring_switch_themis_scf.txt-100-4 8 4 8-2 7 6 1-187.5 25 25 100-1,,,,,,,,,,,,,,,,,,,,,,,,,,,,,,,,,,,,,,,,,,,,,,,,
Concat1,DDL_themis-Transformer_HybridParallel.txt-2d_switch.json-2d_switch_themis_scf.txt-100-16 64-6 1-25 100-1,0.000000,44345.884979,69.224406,67558.397740,4002.286771,699.064834,15.622536,5.449370,37.849501,,,,,,,,,,,,,,,,,,,,,,,,,,,,,,,,,,,,,,,
,DDL_themis-Transformer_HybridParallel.txt-3d_switch_homo.json-3d_switch_homo_themis_scf.txt-100-16 8 8-4 4 1-25 25 100-1,0.000000,66050.606901,63.781094,63.134547,0.000000,34614.363672,2628.329755,1044.804938,24.107784,1.326706,1.326706,8.848451,52.982438,,,,,,,,,,,,,,,,,,,,,,,,,,,,,,,,,,,
,DDL_themis-Transformer_HybridParallel.txt-3d_switch_hetero.json-3d_switch_hetero_themis_scf.txt-100-16 8 8-8 4 1-25 25 50-1,0.000000,33283.426729,84.513625,97.284432,0.000000,43782.761917,1318.178245,535.648672,20.153933,2.347406,2.347406,12.524100,39.737005,,,,,,,,,,,,,,,,,,,,,,,,,,,,,,,,,,,
,DDL_themis-Transformer_HybridParallel.txt-3d_fc_ring_switch.json-3d_fc_ring_switch_themis_scf.txt-100-8 16 8-7 4 1-25 25 50-1,0.000000,104925.867057,4.845203,0.557005,0.000000,32192.094875,129.213214,2966.775569,59.578604,2.202439,2.202439,18.888271,321.918236,,,,,,,,,,,,,,,,,,,,,,,,,,,,,,,,,,,
,DDL_themis-Transformer_HybridParallel.txt-4d_ring_switch_switch_switch.json-4d_ring_switch_switch_switch_themis_scf.txt-100-4 4 8 8-2 8 4 1-125 25 25 50-1,0.000000,26967.299432,110.754760,92.116156,0.000000,69556.829484,1345.127182,304.223339,16.593433,2.347406,2.347406,12.524100,39.737005,,,,,,,,,,,,,,,,,,,,,,,,,,,,,,,,,,,
,DDL_themis-Transformer_HybridParallel.txt-4d_ring_fc_ring_switch.json-4d_ring_fc_ring_switch_themis_scf.txt-100-4 8 4 8-2 7 6 1-187.5 25 25 100-1,0.000000,18153.226484,49.920479,49.228760,0.000000,83783.266234,1118.731953,228.246875,13.004990,1.516979,1.516979,10.291990,51.922542,,,,,,,,,,,,,,,,,,,,,,,,,,,,,,,,,,,
Relu1,DDL_themis-Transformer_HybridParallel.txt-2d_switch.json-2d_switch_themis_scf.txt-100-16 64-6 1-25 100-1,0.000000,35038.610203,406.581859,82682.979312,36959.452242,242.354107,47.953668,32.693918,227.094357,,,,,,,,,,,,,,,,,,,,,,,,,,,,,,,,,,,,,,,
,DDL_themis-Transformer_HybridParallel.txt-3d_switch_homo.json-3d_switch_homo_themis_scf.txt-100-16 8 8-4 4 1-25 25 100-1,0.000000,31131.138266,336.151328,419.926289,0.000000,40119.612203,30234.043195,340.781227,75.977710,7.957926,7.957926,53.088710,317.892227,,,,,,,,,,,,,,,,,,,,,,,,,,,,,,,,,,,
,DDL_themis-Transformer_HybridParallel.txt-3d_switch_hetero.json-3d_switch_hetero_themis_scf.txt-100-16 8 8-8 4 1-25 25 50-1,0.000000,23958.991961,508.882898,427.311383,0.417359,51622.193250,15897.834391,249.864117,86.587154,14.082332,14.082332,75.142404,238.419367,,,,,,,,,,,,,,,,,,,,,,,,,,,,,,,,,,,
,DDL_themis-Transformer_HybridParallel.txt-3d_fc_ring_switch.json-3d_fc_ring_switch_themis_scf.txt-100-8 16 8-7 4 1-25 25 50-1,0.000000,514039.714703,6.755898,0.179664,0.000000,48376.126031,3649.824789,1992.544388,174.364328,13.212964,13.212964,113.328828,1931.508888,,,,,,,,,,,,,,,,,,,,,,,,,,,,,,,,,,,
,DDL_themis-Transformer_HybridParallel.txt-4d_ring_switch_switch_switch.json-4d_ring_switch_switch_switch_themis_scf.txt-100-4 4 8 8-2 8 4 1-125 25 25 50-1,0.000000,23391.044227,692.767305,498.595914,0.417359,89763.853547,17851.391258,244.523367,81.246404,14.082332,14.082332,75.142404,238.419367,,,,,,,,,,,,,,,,,,,,,,,,,,,,,,,,,,,
,DDL_themis-Transformer_HybridParallel.txt-4d_ring_fc_ring_switch.json-4d_ring_fc_ring_switch_themis_scf.txt-100-4 8 4 8-2 7 6 1-187.5 25 25 100-1,0.000000,17647.255523,257.719469,267.685344,0.000000,112634.803687,20947.048813,315.603406,65.820341,9.100177,9.100177,61.750841,311.533906,,,,,,,,,,,,,,,,,,,,,,,,,,,,,,,,,,,
X1W2b2,DDL_themis-Transformer_HybridParallel.txt-2d_switch.json-2d_switch_themis_scf.txt-100-16 64-6 1-25 100-1,0.000000,87944.769719,682.490578,59600.060281,14962.900234,242.354107,47.953668,32.693918,227.094357,,,,,,,,,,,,,,,,,,,,,,,,,,,,,,,,,,,,,,,
,DDL_themis-Transformer_HybridParallel.txt-3d_switch_homo.json-3d_switch_homo_themis_scf.txt-100-16 8 8-4 4 1-25 25 100-1,0.000000,54612.138594,898.384672,375.624008,0.000000,24027.955500,13376.971227,340.781227,75.977710,7.957926,7.957926,53.088710,317.892227,,,,,,,,,,,,,,,,,,,,,,,,,,,,,,,,,,,
,DDL_themis-Transformer_HybridParallel.txt-3d_switch_hetero.json-3d_switch_hetero_themis_scf.txt-100-16 8 8-8 4 1-25 25 50-1,0.000000,45901.584352,800.809023,551.185453,0.000000,37924.087797,8903.481469,249.864117,86.587154,14.082332,14.082332,75.142404,238.419367,,,,,,,,,,,,,,,,,,,,,,,,,,,,,,,,,,,
,DDL_themis-Transformer_HybridParallel.txt-3d_fc_ring_switch.json-3d_fc_ring_switch_themis_scf.txt-100-8 16 8-7 4 1-25 25 50-1,0.000000,778739.389070,0.067867,0.319977,0.000000,48414.135836,823.854594,1992.544388,174.364328,13.212964,13.212964,113.328828,1931.508888,,,,,,,,,,,,,,,,,,,,,,,,,,,,,,,,,,,
,DDL_themis-Transformer_HybridParallel.txt-4d_ring_switch_switch_switch.json-4d_ring_switch_switch_switch_themis_scf.txt-100-4 4 8 8-2 8 4 1-125 25 25 50-1,0.000000,44609.478273,689.240664,564.317008,0.000000,76723.513406,7902.765164,244.523367,81.246404,14.082332,14.082332,75.142404,238.419367,,,,,,,,,,,,,,,,,,,,,,,,,,,,,,,,,,,
,DDL_themis-Transformer_HybridParallel.txt-4d_ring_fc_ring_switch.json-4d_ring_fc_ring_switch_themis_scf.txt-100-4 8 4 8-2 7 6 1-187.5 25 25 100-1,0.000000,43033.957695,354.114281,283.259766,0.119250,97636.524008,8795.050930,315.603406,65.820341,9.100177,9.100177,61.750841,311.533906,,,,,,,,,,,,,,,,,,,,,,,,,,,,,,,,,,,
layernorm1,DDL_themis-Transformer_HybridParallel.txt-2d_switch.json-2d_switch_themis_scf.txt-100-16 64-6 1-25 100-1,,,,,,,,,,,,,,,,,,,,,,,,,,,,,,,,,,,,,,,,,,,,,,,,
,DDL_themis-Transformer_HybridParallel.txt-3d_switch_homo.json-3d_switch_homo_themis_scf.txt-100-16 8 8-4 4 1-25 25 100-1,,,,,,,,,,,,,,,,,,,,,,,,,,,,,,,,,,,,,,,,,,,,,,,,
,DDL_themis-Transformer_HybridParallel.txt-3d_switch_hetero.json-3d_switch_hetero_themis_scf.txt-100-16 8 8-8 4 1-25 25 50-1,,,,,,,,,,,,,,,,,,,,,,,,,,,,,,,,,,,,,,,,,,,,,,,,
,DDL_themis-Transformer_HybridParallel.txt-3d_fc_ring_switch.json-3d_fc_ring_switch_themis_scf.txt-100-8 16 8-7 4 1-25 25 50-1,,,,,,,,,,,,,,,,,,,,,,,,,,,,,,,,,,,,,,,,,,,,,,,,
,DDL_themis-Transformer_HybridParallel.txt-4d_ring_switch_switch_switch.json-4d_ring_switch_switch_switch_themis_scf.txt-100-4 4 8 8-2 8 4 1-125 25 25 50-1,,,,,,,,,,,,,,,,,,,,,,,,,,,,,,,,,,,,,,,,,,,,,,,,
,DDL_themis-Transformer_HybridParallel.txt-4d_ring_fc_ring_switch.json-4d_ring_fc_ring_switch_themis_scf.txt-100-4 8 4 8-2 7 6 1-187.5 25 25 100-1,,,,,,,,,,,,,,,,,,,,,,,,,,,,,,,,,,,,,,,,,,,,,,,,
Q2,DDL_themis-Transformer_HybridParallel.txt-2d_switch.json-2d_switch_themis_scf.txt-100-16 64-6 1-25 100-1,0.000000,5088.475070,102.795297,74097.648680,5120.656523,72.034001,23.433805,8.174055,56.774251,,,,,,,,,,,,,,,,,,,,,,,,,,,,,,,,,,,,,,,
,DDL_themis-Transformer_HybridParallel.txt-3d_switch_homo.json-3d_switch_homo_themis_scf.txt-100-16 8 8-4 4 1-25 25 100-1,0.000000,5490.543539,102.223984,92.296211,0.000000,12297.097047,9697.052047,102.362656,36.161676,1.990059,1.990059,13.272676,79.473656,,,,,,,,,,,,,,,,,,,,,,,,,,,,,,,,,,,
,DDL_themis-Transformer_HybridParallel.txt-3d_switch_hetero.json-3d_switch_hetero_themis_scf.txt-100-16 8 8-8 4 1-25 25 50-1,0.000000,3802.520086,170.369133,142.077180,0.000000,39224.074695,2134.604195,71.050258,30.230900,3.521109,3.521109,18.786150,59.605508,,,,,,,,,,,,,,,,,,,,,,,,,,,,,,,,,,,
,DDL_themis-Transformer_HybridParallel.txt-3d_fc_ring_switch.json-3d_fc_ring_switch_themis_scf.txt-100-8 16 8-7 4 1-25 25 50-1,0.000000,75980.688414,30.032133,8.507453,0.000000,48596.603422,184.167305,543.912854,89.367906,3.303659,3.303659,28.332406,482.877354,,,,,,,,,,,,,,,,,,,,,,,,,,,,,,,,,,,
,DDL_themis-Transformer_HybridParallel.txt-4d_ring_switch_switch_switch.json-4d_ring_switch_switch_switch_themis_scf.txt-100-4 4 8 8-2 8 4 1-125 25 25 50-1,0.000000,3613.273180,184.102219,122.485242,0.000000,91141.581047,2367.535391,65.709508,24.890150,3.521109,3.521109,18.786150,59.605508,,,,,,,,,,,,,,,,,,,,,,,,,,,,,,,,,,,
,DDL_themis-Transformer_HybridParallel.txt-4d_ring_fc_ring_switch.json-4d_ring_fc_ring_switch_themis_scf.txt-100-4 8 4 8-2 7 6 1-187.5 25 25 100-1,0.000000,2649.514859,73.532070,83.915383,0.000000,121413.973328,3536.624664,81.953312,19.507484,2.275469,2.275469,15.437984,77.883813,,,,,,,,,,,,,,,,,,,,,,,,,,,,,,,,,,,
K2,DDL_themis-Transformer_HybridParallel.txt-2d_switch.json-2d_switch_themis_scf.txt-100-16 64-6 1-25 100-1,0.000000,17208.351766,208.187187,204595.034781,18869.604328,113.548503,16.348109,16.348109,113.548503,,,,,,,,,,,,,,,,,,,,,,,,,,,,,,,,,,,,,,,
,DDL_themis-Transformer_HybridParallel.txt-3d_switch_homo.json-3d_switch_homo_themis_scf.txt-100-16 8 8-4 4 1-25 25 100-1,0.000000,14978.725266,200.373844,176.140500,0.000000,61795.373969,15938.885469,158.947313,26.545352,3.980117,3.980117,26.545352,158.947313,,,,,,,,,,,,,,,,,,,,,,,,,,,,,,,,,,,
,DDL_themis-Transformer_HybridParallel.txt-3d_switch_hetero.json-3d_switch_hetero_themis_scf.txt-100-16 8 8-8 4 1-25 25 50-1,0.000000,13371.976562,324.028391,311.331734,0.000000,126161.951125,6173.220438,119.211016,37.572299,7.042219,7.042219,37.572299,119.211016,,,,,,,,,,,,,,,,,,,,,,,,,,,,,,,,,,,
,DDL_themis-Transformer_HybridParallel.txt-3d_fc_ring_switch.json-3d_fc_ring_switch_themis_scf.txt-100-8 16 8-7 4 1-25 25 50-1,0.000000,299478.536047,11.777953,4.152469,0.000000,97201.890609,352.795797,965.754708,56.664812,6.607318,6.607318,56.664812,965.754708,,,,,,,,,,,,,,,,,,,,,,,,,,,,,,,,,,,
,DDL_themis-Transformer_HybridParallel.txt-4d_ring_switch_switch_switch.json-4d_ring_switch_switch_switch_themis_scf.txt-100-4 4 8 8-2 8 4 1-125 25 25 50-1,0.000000,14240.027062,340.496797,420.296766,0.000000,205952.762406,6057.357094,119.211016,37.572299,7.042219,7.042219,37.572299,119.211016,,,,,,,,,,,,,,,,,,,,,,,,,,,,,,,,,,,
,DDL_themis-Transformer_HybridParallel.txt-4d_ring_fc_ring_switch.json-4d_ring_fc_ring_switch_themis_scf.txt-100-4 8 4 8-2 7 6 1-187.5 25 25 100-1,0.000000,10818.383547,135.070484,153.109031,0.000000,256353.052063,7117.910797,155.767625,30.875969,4.550937,4.550937,30.875969,155.767625,,,,,,,,,,,,,,,,,,,,,,,,,,,,,,,,,,,
V2,DDL_themis-Transformer_HybridParallel.txt-2d_switch.json-2d_switch_themis_scf.txt-100-16 64-6 1-25 100-1,0.000000,41821.229047,248.449516,192774.311469,7648.317359,113.548503,16.348109,16.348109,113.548503,,,,,,,,,,,,,,,,,,,,,,,,,,,,,,,,,,,,,,,
,DDL_themis-Transformer_HybridParallel.txt-3d_switch_homo.json-3d_switch_homo_themis_scf.txt-100-16 8 8-4 4 1-25 25 100-1,0.000000,23254.192984,197.853719,194.729938,0.000000,105368.314875,19095.834297,158.947313,26.545352,3.980117,3.980117,26.545352,158.947313,,,,,,,,,,,,,,,,,,,,,,,,,,,,,,,,,,,
,DDL_themis-Transformer_HybridParallel.txt-3d_switch_hetero.json-3d_switch_hetero_themis_scf.txt-100-16 8 8-8 4 1-25 25 50-1,0.000000,24826.595125,225.161047,282.523734,0.000000,128798.394312,2813.635516,119.211016,37.572299,7.042219,7.042219,37.572299,119.211016,,,,,,,,,,,,,,,,,,,,,,,,,,,,,,,,,,,
,DDL_themis-Transformer_HybridParallel.txt-3d_fc_ring_switch.json-3d_fc_ring_switch_themis_scf.txt-100-8 16 8-7 4 1-25 25 50-1,0.000000,425587.845359,12.447109,0.000000,0.000000,97218.823172,420.124750,965.754708,56.664812,6.607318,6.607318,56.664812,965.754708,,,,,,,,,,,,,,,,,,,,,,,,,,,,,,,,,,,
,DDL_themis-Transformer_HybridParallel.txt-4d_ring_switch_switch_switch.json-4d_ring_switch_switch_switch_themis_scf.txt-100-4 4 8 8-2 8 4 1-125 25 25 50-1,0.000000,27370.094219,368.511578,639.311031,0.000000,199962.048922,2269.372625,119.211016,37.572299,7.042219,7.042219,37.572299,119.211016,,,,,,,,,,,,,,,,,,,,,,,,,,,,,,,,,,,
,DDL_themis-Transformer_HybridParallel.txt-4d_ring_fc_ring_switch.json-4d_ring_fc_ring_switch_themis_scf.txt-100-4 8 4 8-2 7 6 1-187.5 25 25 100-1,0.000000,23928.673469,235.250188,237.190406,0.000000,246706.812531,2521.825484,155.767625,30.875969,4.550937,4.550937,30.875969,155.767625,,,,,,,,,,,,,,,,,,,,,,,,,,,,,,,,,,,
Softmax2,DDL_themis-Transformer_HybridParallel.txt-2d_switch.json-2d_switch_themis_scf.txt-100-16 64-6 1-25 100-1,,,,,,,,,,,,,,,,,,,,,,,,,,,,,,,,,,,,,,,,,,,,,,,,
,DDL_themis-Transformer_HybridParallel.txt-3d_switch_homo.json-3d_switch_homo_themis_scf.txt-100-16 8 8-4 4 1-25 25 100-1,,,,,,,,,,,,,,,,,,,,,,,,,,,,,,,,,,,,,,,,,,,,,,,,
,DDL_themis-Transformer_HybridParallel.txt-3d_switch_hetero.json-3d_switch_hetero_themis_scf.txt-100-16 8 8-8 4 1-25 25 50-1,,,,,,,,,,,,,,,,,,,,,,,,,,,,,,,,,,,,,,,,,,,,,,,,
,DDL_themis-Transformer_HybridParallel.txt-3d_fc_ring_switch.json-3d_fc_ring_switch_themis_scf.txt-100-8 16 8-7 4 1-25 25 50-1,,,,,,,,,,,,,,,,,,,,,,,,,,,,,,,,,,,,,,,,,,,,,,,,
,DDL_themis-Transformer_HybridParallel.txt-4d_ring_switch_switch_switch.json-4d_ring_switch_switch_switch_themis_scf.txt-100-4 4 8 8-2 8 4 1-125 25 25 50-1,,,,,,,,,,,,,,,,,,,,,,,,,,,,,,,,,,,,,,,,,,,,,,,,
,DDL_themis-Transformer_HybridParallel.txt-4d_ring_fc_ring_switch.json-4d_ring_fc_ring_switch_themis_scf.txt-100-4 8 4 8-2 7 6 1-187.5 25 25 100-1,,,,,,,,,,,,,,,,,,,,,,,,,,,,,,,,,,,,,,,,,,,,,,,,
QKV2,DDL_themis-Transformer_HybridParallel.txt-2d_switch.json-2d_switch_themis_scf.txt-100-16 64-6 1-25 100-1,,,,,,,,,,,,,,,,,,,,,,,,,,,,,,,,,,,,,,,,,,,,,,,,
,DDL_themis-Transformer_HybridParallel.txt-3d_switch_homo.json-3d_switch_homo_themis_scf.txt-100-16 8 8-4 4 1-25 25 100-1,,,,,,,,,,,,,,,,,,,,,,,,,,,,,,,,,,,,,,,,,,,,,,,,
,DDL_themis-Transformer_HybridParallel.txt-3d_switch_hetero.json-3d_switch_hetero_themis_scf.txt-100-16 8 8-8 4 1-25 25 50-1,,,,,,,,,,,,,,,,,,,,,,,,,,,,,,,,,,,,,,,,,,,,,,,,
,DDL_themis-Transformer_HybridParallel.txt-3d_fc_ring_switch.json-3d_fc_ring_switch_themis_scf.txt-100-8 16 8-7 4 1-25 25 50-1,,,,,,,,,,,,,,,,,,,,,,,,,,,,,,,,,,,,,,,,,,,,,,,,
,DDL_themis-Transformer_HybridParallel.txt-4d_ring_switch_switch_switch.json-4d_ring_switch_switch_switch_themis_scf.txt-100-4 4 8 8-2 8 4 1-125 25 25 50-1,,,,,,,,,,,,,,,,,,,,,,,,,,,,,,,,,,,,,,,,,,,,,,,,
,DDL_themis-Transformer_HybridParallel.txt-4d_ring_fc_ring_switch.json-4d_ring_fc_ring_switch_themis_scf.txt-100-4 8 4 8-2 7 6 1-187.5 25 25 100-1,,,,,,,,,,,,,,,,,,,,,,,,,,,,,,,,,,,,,,,,,,,,,,,,
Concat2,DDL_themis-Transformer_HybridParallel.txt-2d_switch.json-2d_switch_themis_scf.txt-100-16 64-6 1-25 100-1,0.000000,44333.281495,71.715297,86945.053823,5959.242812,699.064834,15.622536,5.449370,37.849501,,,,,,,,,,,,,,,,,,,,,,,,,,,,,,,,,,,,,,,
,DDL_themis-Transformer_HybridParallel.txt-3d_switch_homo.json-3d_switch_homo_themis_scf.txt-100-16 8 8-4 4 1-25 25 100-1,0.000000,66050.606901,63.781094,63.134547,0.000000,34614.363672,2628.329755,1044.804938,24.107784,1.326706,1.326706,8.848451,52.982438,,,,,,,,,,,,,,,,,,,,,,,,,,,,,,,,,,,
,DDL_themis-Transformer_HybridParallel.txt-3d_switch_hetero.json-3d_switch_hetero_themis_scf.txt-100-16 8 8-8 4 1-25 25 50-1,0.000000,33271.213833,88.416797,106.024411,0.000000,55685.765214,1879.233380,535.648672,20.153933,2.347406,2.347406,12.524100,39.737005,,,,,,,,,,,,,,,,,,,,,,,,,,,,,,,,,,,
,DDL_themis-Transformer_HybridParallel.txt-3d_fc_ring_switch.json-3d_fc_ring_switch_themis_scf.txt-100-8 16 8-7 4 1-25 25 50-1,0.000000,104687.807766,1.147219,0.855297,0.000000,35015.203984,155.618005,2966.775569,59.578604,2.202439,2.202439,18.888271,321.918236,,,,,,,,,,,,,,,,,,,,,,,,,,,,,,,,,,,
,DDL_themis-Transformer_HybridParallel.txt-4d_ring_switch_switch_switch.json-4d_ring_switch_switch_switch_themis_scf.txt-100-4 4 8 8-2 8 4 1-125 25 25 50-1,0.000000,26944.951969,87.164286,96.624052,0.000000,90305.057682,1995.736125,304.223339,16.593433,2.347406,2.347406,12.524100,39.737005,,,,,,,,,,,,,,,,,,,,,,,,,,,,,,,,,,,
,DDL_themis-Transformer_HybridParallel.txt-4d_ring_fc_ring_switch.json-4d_ring_fc_ring_switch_themis_scf.txt-100-4 8 4 8-2 7 6 1-187.5 25 25 100-1,0.000000,18171.468198,49.568141,52.240187,0.000000,104131.332766,1075.443839,228.246875,13.004990,1.516979,1.516979,10.291990,51.922542,,,,,,,,,,,,,,,,,,,,,,,,,,,,,,,,,,,
Relu2,DDL_themis-Transformer_HybridParallel.txt-2d_switch.json-2d_switch_themis_scf.txt-100-16 64-6 1-25 100-1,0.000000,35445.033687,399.718195,110818.577672,42103.004781,242.354107,47.953668,32.693918,227.094357,,,,,,,,,,,,,,,,,,,,,,,,,,,,,,,,,,,,,,,
,DDL_themis-Transformer_HybridParallel.txt-3d_switch_homo.json-3d_switch_homo_themis_scf.txt-100-16 8 8-4 4 1-25 25 100-1,0.000000,31131.138266,336.151328,419.926289,0.000000,40119.612203,30234.043195,340.781227,75.977710,7.957926,7.957926,53.088710,317.892227,,,,,,,,,,,,,,,,,,,,,,,,,,,,,,,,,,,
,DDL_themis-Transformer_HybridParallel.txt-3d_switch_hetero.json-3d_switch_hetero_themis_scf.txt-100-16 8 8-8 4 1-25 25 50-1,0.000000,23972.695836,604.343359,417.615594,0.000000,69379.007102,18519.092180,249.864117,86.587154,14.082332,14.082332,75.142404,238.419367,,,,,,,,,,,,,,,,,,,,,,,,,,,,,,,,,,,
,DDL_themis-Transformer_HybridParallel.txt-3d_fc_ring_switch.json-3d_fc_ring_switch_themis_scf.txt-100-8 16 8-7 4 1-25 25 50-1,0.000000,1176224.933797,2.802625,0.000000,0.000000,52603.341164,865.811563,1992.544388,174.364328,13.212964,13.212964,113.328828,1931.508888,,,,,,,,,,,,,,,,,,,,,,,,,,,,,,,,,,,
,DDL_themis-Transformer_HybridParallel.txt-4d_ring_switch_switch_switch.json-4d_ring_switch_switch_switch_themis_scf.txt-100-4 4 8 8-2 8 4 1-125 25 25 50-1,0.000000,22928.457734,467.320742,433.184281,0.000000,121460.359945,35830.928250,244.523367,81.246404,14.082332,14.082332,75.142404,238.419367,,,,,,,,,,,,,,,,,,,,,,,,,,,,,,,,,,,
,DDL_themis-Transformer_HybridParallel.txt-4d_ring_fc_ring_switch.json-4d_ring_fc_ring_switch_themis_scf.txt-100-4 8 4 8-2 7 6 1-187.5 25 25 100-1,0.000000,17404.661703,282.299648,288.137539,0.000000,143367.420609,44839.538867,315.603406,65.820341,9.100177,9.100177,61.750841,311.533906,,,,,,,,,,,,,,,,,,,,,,,,,,,,,,,,,,,
X2W2b2,DDL_themis-Transformer_HybridParallel.txt-2d_switch.json-2d_switch_themis_scf.txt-100-16 64-6 1-25 100-1,0.000000,117158.981906,437.397516,87689.366422,23020.355234,242.354107,47.953668,32.693918,227.094357,,,,,,,,,,,,,,,,,,,,,,,,,,,,,,,,,,,,,,,
,DDL_themis-Transformer_HybridParallel.txt-3d_switch_homo.json-3d_switch_homo_themis_scf.txt-100-16 8 8-4 4 1-25 25 100-1,0.000000,54612.138594,898.384672,375.624008,0.000000,24027.955500,13376.971227,340.781227,75.977710,7.957926,7.957926,53.088710,317.892227,,,,,,,,,,,,,,,,,,,,,,,,,,,,,,,,,,,
,DDL_themis-Transformer_HybridParallel.txt-3d_switch_hetero.json-3d_switch_hetero_themis_scf.txt-100-16 8 8-8 4 1-25 25 50-1,0.000000,45967.069289,920.140266,559.159344,0.000000,55579.035703,11495.672469,249.864117,86.587154,14.082332,14.082332,75.142404,238.419367,,,,,,,,,,,,,,,,,,,,,,,,,,,,,,,,,,,
,DDL_themis-Transformer_HybridParallel.txt-3d_fc_ring_switch.json-3d_fc_ring_switch_themis_scf.txt-100-8 16 8-7 4 1-25 25 50-1,0.000000,1507357.893977,2.151523,0.262813,0.000000,52641.226031,888.699820,1992.544388,174.364328,13.212964,13.212964,113.328828,1931.508888,,,,,,,,,,,,,,,,,,,,,,,,,,,,,,,,,,,
,DDL_themis-Transformer_HybridParallel.txt-4d_ring_switch_switch_switch.json-4d_ring_switch_switch_switch_themis_scf.txt-100-4 4 8 8-2 8 4 1-125 25 25 50-1,0.000000,43997.902867,900.771703,581.619617,0.000000,108055.597102,10388.103766,244.523367,81.246404,14.082332,14.082332,75.142404,238.419367,,,,,,,,,,,,,,,,,,,,,,,,,,,,,,,,,,,
,DDL_themis-Transformer_HybridParallel.txt-4d_ring_fc_ring_switch.json-4d_ring_fc_ring_switch_themis_scf.txt-100-4 8 4 8-2 7 6 1-187.5 25 25 100-1,0.000000,55253.858344,344.804281,355.311148,0.000000,126062.007820,17568.810711,315.603406,65.820341,9.100177,9.100177,61.750841,311.533906,,,,,,,,,,,,,,,,,,,,,,,,,,,,,,,,,,,
layernorm2,DDL_themis-Transformer_HybridParallel.txt-2d_switch.json-2d_switch_themis_scf.txt-100-16 64-6 1-25 100-1,,,,,,,,,,,,,,,,,,,,,,,,,,,,,,,,,,,,,,,,,,,,,,,,
,DDL_themis-Transformer_HybridParallel.txt-3d_switch_homo.json-3d_switch_homo_themis_scf.txt-100-16 8 8-4 4 1-25 25 100-1,,,,,,,,,,,,,,,,,,,,,,,,,,,,,,,,,,,,,,,,,,,,,,,,
,DDL_themis-Transformer_HybridParallel.txt-3d_switch_hetero.json-3d_switch_hetero_themis_scf.txt-100-16 8 8-8 4 1-25 25 50-1,,,,,,,,,,,,,,,,,,,,,,,,,,,,,,,,,,,,,,,,,,,,,,,,
,DDL_themis-Transformer_HybridParallel.txt-3d_fc_ring_switch.json-3d_fc_ring_switch_themis_scf.txt-100-8 16 8-7 4 1-25 25 50-1,,,,,,,,,,,,,,,,,,,,,,,,,,,,,,,,,,,,,,,,,,,,,,,,
,DDL_themis-Transformer_HybridParallel.txt-4d_ring_switch_switch_switch.json-4d_ring_switch_switch_switch_themis_scf.txt-100-4 4 8 8-2 8 4 1-125 25 25 50-1,,,,,,,,,,,,,,,,,,,,,,,,,,,,,,,,,,,,,,,,,,,,,,,,
,DDL_themis-Transformer_HybridParallel.txt-4d_ring_fc_ring_switch.json-4d_ring_fc_ring_switch_themis_scf.txt-100-4 8 4 8-2 7 6 1-187.5 25 25 100-1,,,,,,,,,,,,,,,,,,,,,,,,,,,,,,,,,,,,,,,,,,,,,,,,
Q3,DDL_themis-Transformer_HybridParallel.txt-2d_switch.json-2d_switch_themis_scf.txt-100-16 64-6 1-25 100-1,0.000000,4975.302859,102.580828,102690.863758,8009.260898,72.034001,23.433805,8.174055,56.774251,,,,,,,,,,,,,,,,,,,,,,,,,,,,,,,,,,,,,,,
,DDL_themis-Transformer_HybridParallel.txt-3d_switch_homo.json-3d_switch_homo_themis_scf.txt-100-16 8 8-4 4 1-25 25 100-1,0.000000,5490.543539,102.223984,92.296211,0.000000,12297.097047,9697.052047,102.362656,36.161676,1.990059,1.990059,13.272676,79.473656,,,,,,,,,,,,,,,,,,,,,,,,,,,,,,,,,,,
,DDL_themis-Transformer_HybridParallel.txt-3d_switch_hetero.json-3d_switch_hetero_themis_scf.txt-100-16 8 8-8 4 1-25 25 50-1,0.000000,3740.774891,168.846438,148.745539,0.000000,56848.983406,3132.325430,71.050258,30.230900,3.521109,3.521109,18.786150,59.605508,,,,,,,,,,,,,,,,,,,,,,,,,,,,,,,,,,,
,DDL_themis-Transformer_HybridParallel.txt-3d_fc_ring_switch.json-3d_fc_ring_switch_themis_scf.txt-100-8 16 8-7 4 1-25 25 50-1,0.000000,76059.429914,41.619500,51.395586,0.000000,52824.607516,1211.407961,543.912854,89.367906,3.303659,3.303659,28.332406,482.877354,,,,,,,,,,,,,,,,,,,,,,,,,,,,,,,,,,,
,DDL_themis-Transformer_HybridParallel.txt-4d_ring_switch_switch_switch.json-4d_ring_switch_switch_switch_themis_scf.txt-100-4 4 8 8-2 8 4 1-125 25 25 50-1,0.000000,3530.680016,173.923430,139.563156,0.000000,122624.608281,3226.772586,65.709508,24.890150,3.521109,3.521109,18.786150,59.605508,,,,,,,,,,,,,,,,,,,,,,,,,,,,,,,,,,,
,DDL_themis-Transformer_HybridParallel.txt-4d_ring_fc_ring_switch.json-4d_ring_fc_ring_switch_themis_scf.txt-100-4 8 4 8-2 7 6 1-187.5 25 25 100-1,0.000000,2678.011078,68.914422,71.472086,0.000000,151527.795344,4581.410758,81.953312,19.507484,2.275469,2.275469,15.437984,77.883813,,,,,,,,,,,,,,,,,,,,,,,,,,,,,,,,,,,
K3,DDL_themis-Transformer_HybridParallel.txt-2d_switch.json-2d_switch_themis_scf.txt-100-16 64-6 1-25 100-1,0.000000,17755.950875,203.882750,262008.311984,21357.823734,113.548503,16.348109,16.348109,113.548503,,,,,,,,,,,,,,,,,,,,,,,,,,,,,,,,,,,,,,,
,DDL_themis-Transformer_HybridParallel.txt-3d_switch_homo.json-3d_switch_homo_themis_scf.txt-100-16 8 8-4 4 1-25 25 100-1,0.000000,14978.725266,200.373844,176.140500,0.000000,61795.373969,15938.885469,158.947313,26.545352,3.980117,3.980117,26.545352,158.947313,,,,,,,,,,,,,,,,,,,,,,,,,,,,,,,,,,,
,DDL_themis-Transformer_HybridParallel.txt-3d_switch_hetero.json-3d_switch_hetero_themis_scf.txt-100-16 8 8-8 4 1-25 25 50-1,0.000000,13403.835594,309.748922,237.694641,0.000000,162105.970547,8768.157312,119.211016,37.572299,7.042219,7.042219,37.572299,119.211016,,,,,,,,,,,,,,,,,,,,,,,,,,,,,,,,,,,
,DDL_themis-Transformer_HybridParallel.txt-3d_fc_ring_switch.json-3d_fc_ring_switch_themis_scf.txt-100-8 16 8-7 4 1-25 25 50-1,0.000000,305514.946391,31.201656,11.394234,0.000000,105630.977062,334.293172,965.754708,56.664812,6.607318,6.607318,56.664812,965.754708,,,,,,,,,,,,,,,,,,,,,,,,,,,,,,,,,,,
,DDL_themis-Transformer_HybridParallel.txt-4d_ring_switch_switch_switch.json-4d_ring_switch_switch_switch_themis_scf.txt-100-4 4 8 8-2 8 4 1-125 25 25 50-1,0.000000,13085.326906,316.461719,241.281078,0.000000,266671.926266,8256.495672,119.211016,37.572299,7.042219,7.042219,37.572299,119.211016,,,,,,,,,,,,,,,,,,,,,,,,,,,,,,,,,,,
,DDL_themis-Transformer_HybridParallel.txt-4d_ring_fc_ring_switch.json-4d_ring_fc_ring_switch_themis_scf.txt-100-4 8 4 8-2 7 6 1-187.5 25 25 100-1,0.000000,10257.747859,139.973484,162.108812,0.000000,316187.276984,7139.881938,155.767625,30.875969,4.550937,4.550937,30.875969,155.767625,,,,,,,,,,,,,,,,,,,,,,,,,,,,,,,,,,,
V3,DDL_themis-Transformer_HybridParallel.txt-2d_switch.json-2d_switch_themis_scf.txt-100-16 64-6 1-25 100-1,0.000000,40884.071172,197.186438,252003.472375,11839.964547,113.548503,16.348109,16.348109,113.548503,,,,,,,,,,,,,,,,,,,,,,,,,,,,,,,,,,,,,,,
,DDL_themis-Transformer_HybridParallel.txt-3d_switch_homo.json-3d_switch_homo_themis_scf.txt-100-16 8 8-4 4 1-25 25 100-1,0.000000,23254.192984,197.853719,194.729938,0.000000,105368.314875,19095.834297,158.947313,26.545352,3.980117,3.980117,26.545352,158.947313,,,,,,,,,,,,,,,,,,,,,,,,,,,,,,,,,,,
,DDL_themis-Transformer_HybridParallel.txt-3d_switch_hetero.json-3d_switch_hetero_themis_scf.txt-100-16 8 8-8 4 1-25 25 50-1,0.000000,24855.375922,264.329172,300.999172,0.000000,163239.818953,3797.714094,119.211016,37.572299,7.042219,7.042219,37.572299,119.211016,,,,,,,,,,,,,,,,,,,,,,,,,,,,,,,,,,,
,DDL_themis-Transformer_HybridParallel.txt-3d_fc_ring_switch.json-3d_fc_ring_switch_themis_scf.txt-100-8 16 8-7 4 1-25 25 50-1,0.000000,427788.257219,50.947422,8.591688,0.000000,105629.964547,515.502516,965.754708,56.664812,6.607318,6.607318,56.664812,965.754708,,,,,,,,,,,,,,,,,,,,,,,,,,,,,,,,,,,
,DDL_themis-Transformer_HybridParallel.txt-4d_ring_switch_switch_switch.json-4d_ring_switch_switch_switch_themis_scf.txt-100-4 4 8 8-2 8 4 1-125 25 25 50-1,0.000000,27554.047922,273.960781,294.354688,0.000000,264754.647016,3983.341719,119.211016,37.572299,7.042219,7.042219,37.572299,119.211016,,,,,,,,,,,,,,,,,,,,,,,,,,,,,,,,,,,
,DDL_themis-Transformer_HybridParallel.txt-4d_ring_fc_ring_switch.json-4d_ring_fc_ring_switch_themis_scf.txt-100-4 8 4 8-2 7 6 1-187.5 25 25 100-1,0.000000,22148.242641,182.707047,207.331422,0.000000,307678.418562,3170.510344,155.767625,30.875969,4.550937,4.550937,30.875969,155.767625,,,,,,,,,,,,,,,,,,,,,,,,,,,,,,,,,,,
Softmax3,DDL_themis-Transformer_HybridParallel.txt-2d_switch.json-2d_switch_themis_scf.txt-100-16 64-6 1-25 100-1,,,,,,,,,,,,,,,,,,,,,,,,,,,,,,,,,,,,,,,,,,,,,,,,
,DDL_themis-Transformer_HybridParallel.txt-3d_switch_homo.json-3d_switch_homo_themis_scf.txt-100-16 8 8-4 4 1-25 25 100-1,,,,,,,,,,,,,,,,,,,,,,,,,,,,,,,,,,,,,,,,,,,,,,,,
,DDL_themis-Transformer_HybridParallel.txt-3d_switch_hetero.json-3d_switch_hetero_themis_scf.txt-100-16 8 8-8 4 1-25 25 50-1,,,,,,,,,,,,,,,,,,,,,,,,,,,,,,,,,,,,,,,,,,,,,,,,
,DDL_themis-Transformer_HybridParallel.txt-3d_fc_ring_switch.json-3d_fc_ring_switch_themis_scf.txt-100-8 16 8-7 4 1-25 25 50-1,,,,,,,,,,,,,,,,,,,,,,,,,,,,,,,,,,,,,,,,,,,,,,,,
,DDL_themis-Transformer_HybridParallel.txt-4d_ring_switch_switch_switch.json-4d_ring_switch_switch_switch_themis_scf.txt-100-4 4 8 8-2 8 4 1-125 25 25 50-1,,,,,,,,,,,,,,,,,,,,,,,,,,,,,,,,,,,,,,,,,,,,,,,,
,DDL_themis-Transformer_HybridParallel.txt-4d_ring_fc_ring_switch.json-4d_ring_fc_ring_switch_themis_scf.txt-100-4 8 4 8-2 7 6 1-187.5 25 25 100-1,,,,,,,,,,,,,,,,,,,,,,,,,,,,,,,,,,,,,,,,,,,,,,,,
QKV3,DDL_themis-Transformer_HybridParallel.txt-2d_switch.json-2d_switch_themis_scf.txt-100-16 64-6 1-25 100-1,,,,,,,,,,,,,,,,,,,,,,,,,,,,,,,,,,,,,,,,,,,,,,,,
,DDL_themis-Transformer_HybridParallel.txt-3d_switch_homo.json-3d_switch_homo_themis_scf.txt-100-16 8 8-4 4 1-25 25 100-1,,,,,,,,,,,,,,,,,,,,,,,,,,,,,,,,,,,,,,,,,,,,,,,,
,DDL_themis-Transformer_HybridParallel.txt-3d_switch_hetero.json-3d_switch_hetero_themis_scf.txt-100-16 8 8-8 4 1-25 25 50-1,,,,,,,,,,,,,,,,,,,,,,,,,,,,,,,,,,,,,,,,,,,,,,,,
,DDL_themis-Transformer_HybridParallel.txt-3d_fc_ring_switch.json-3d_fc_ring_switch_themis_scf.txt-100-8 16 8-7 4 1-25 25 50-1,,,,,,,,,,,,,,,,,,,,,,,,,,,,,,,,,,,,,,,,,,,,,,,,
,DDL_themis-Transformer_HybridParallel.txt-4d_ring_switch_switch_switch.json-4d_ring_switch_switch_switch_themis_scf.txt-100-4 4 8 8-2 8 4 1-125 25 25 50-1,,,,,,,,,,,,,,,,,,,,,,,,,,,,,,,,,,,,,,,,,,,,,,,,
,DDL_themis-Transformer_HybridParallel.txt-4d_ring_fc_ring_switch.json-4d_ring_fc_ring_switch_themis_scf.txt-100-4 8 4 8-2 7 6 1-187.5 25 25 100-1,,,,,,,,,,,,,,,,,,,,,,,,,,,,,,,,,,,,,,,,,,,,,,,,
Concat3,DDL_themis-Transformer_HybridParallel.txt-2d_switch.json-2d_switch_themis_scf.txt-100-16 64-6 1-25 100-1,0.000000,44386.752240,71.020807,104894.404161,7614.452281,699.064834,15.622536,5.449370,37.849501,,,,,,,,,,,,,,,,,,,,,,,,,,,,,,,,,,,,,,,
,DDL_themis-Transformer_HybridParallel.txt-3d_switch_homo.json-3d_switch_homo_themis_scf.txt-100-16 8 8-4 4 1-25 25 100-1,0.000000,66050.606901,63.781094,63.134547,0.000000,34614.363672,2628.329755,1044.804938,24.107784,1.326706,1.326706,8.848451,52.982438,,,,,,,,,,,,,,,,,,,,,,,,,,,,,,,,,,,
,DDL_themis-Transformer_HybridParallel.txt-3d_switch_hetero.json-3d_switch_hetero_themis_scf.txt-100-16 8 8-8 4 1-25 25 50-1,0.000000,33268.892479,83.966240,90.773370,0.000000,69300.341620,2655.380203,535.648672,20.153933,2.347406,2.347406,12.524100,39.737005,,,,,,,,,,,,,,,,,,,,,,,,,,,,,,,,,,,
,DDL_themis-Transformer_HybridParallel.txt-3d_fc_ring_switch.json-3d_fc_ring_switch_themis_scf.txt-100-8 16 8-7 4 1-25 25 50-1,0.000000,104464.855052,2.533094,0.557005,0.000000,37833.229234,162.275089,2966.775569,59.578604,2.202439,2.202439,18.888271,321.918236,,,,,,,,,,,,,,,,,,,,,,,,,,,,,,,,,,,
,DDL_themis-Transformer_HybridParallel.txt-4d_ring_switch_switch_switch.json-4d_ring_switch_switch_switch_themis_scf.txt-100-4 4 8 8-2 8 4 1-125 25 25 50-1,0.000000,26973.927411,122.804422,82.923318,0.000000,110960.732318,2656.628125,304.223339,16.593433,2.347406,2.347406,12.524100,39.737005,,,,,,,,,,,,,,,,,,,,,,,,,,,,,,,,,,,
,DDL_themis-Transformer_HybridParallel.txt-4d_ring_fc_ring_switch.json-4d_ring_fc_ring_switch_themis_scf.txt-100-4 8 4 8-2 7 6 1-187.5 25 25 100-1,0.000000,18170.248036,47.858135,52.716000,0.000000,124510.184068,1052.981094,228.246875,13.004990,1.516979,1.516979,10.291990,51.922542,,,,,,,,,,,,,,,,,,,,,,,,,,,,,,,,,,,
Relu3,DDL_themis-Transformer_HybridParallel.txt-2d_switch.json-2d_switch_themis_scf.txt-100-16 64-6 1-25 100-1,0.000000,35329.030086,407.992898,138503.832570,47334.185000,242.354107,47.953668,32.693918,227.094357,,,,,,,,,,,,,,,,,,,,,,,,,,,,,,,,,,,,,,,
,DDL_themis-Transformer_HybridParallel.txt-3d_switch_homo.json-3d_switch_homo_themis_scf.txt-100-16 8 8-4 4 1-25 25 100-1,0.000000,31131.138266,336.151328,419.926289,0.000000,40119.612203,30234.043195,340.781227,75.977710,7.957926,7.957926,53.088710,317.892227,,,,,,,,,,,,,,,,,,,,,,,,,,,,,,,,,,,
,DDL_themis-Transformer_HybridParallel.txt-3d_switch_hetero.json-3d_switch_hetero_themis_scf.txt-100-16 8 8-8 4 1-25 25 50-1,0.000000,23162.962641,682.617492,539.194977,0.417359,90201.399797,18112.982992,249.864117,86.587154,14.082332,14.082332,75.142404,238.419367,,,,,,,,,,,,,,,,,,,,,,,,,,,,,,,,,,,
,DDL_themis-Transformer_HybridParallel.txt-3d_fc_ring_switch.json-3d_fc_ring_switch_themis_scf.txt-100-8 16 8-7 4 1-25 25 50-1,0.000000,1807684.162367,0.503852,0.179664,0.000000,56837.827570,26845.068656,1992.544388,174.364328,13.212964,13.212964,113.328828,1931.508888,,,,,,,,,,,,,,,,,,,,,,,,,,,,,,,,,,,
,DDL_themis-Transformer_HybridParallel.txt-4d_ring_switch_switch_switch.json-4d_ring_switch_switch_switch_themis_scf.txt-100-4 4 8 8-2 8 4 1-125 25 25 50-1,0.000000,22685.297125,595.239625,513.951406,0.000000,152931.175813,56838.714594,244.523367,81.246404,14.082332,14.082332,75.142404,238.419367,,,,,,,,,,,,,,,,,,,,,,,,,,,,,,,,,,,
,DDL_themis-Transformer_HybridParallel.txt-4d_ring_fc_ring_switch.json-4d_ring_fc_ring_switch_themis_scf.txt-100-4 8 4 8-2 7 6 1-187.5 25 25 100-1,0.000000,17351.875055,257.876188,289.234898,0.000000,173994.991500,71822.211117,315.603406,65.820341,9.100177,9.100177,61.750841,311.533906,,,,,,,,,,,,,,,,,,,,,,,,,,,,,,,,,,,
X3W2b2,DDL_themis-Transformer_HybridParallel.txt-2d_switch.json-2d_switch_themis_scf.txt-100-16 64-6 1-25 100-1,0.000000,140643.559617,871.722180,116259.323469,25967.550352,242.354107,47.953668,32.693918,227.094357,,,,,,,,,,,,,,,,,,,,,,,,,,,,,,,,,,,,,,,
,DDL_themis-Transformer_HybridParallel.txt-3d_switch_homo.json-3d_switch_homo_themis_scf.txt-100-16 8 8-4 4 1-25 25 100-1,0.000000,54612.138594,898.384672,375.624008,0.000000,24027.955500,13376.971227,340.781227,75.977710,7.957926,7.957926,53.088710,317.892227,,,,,,,,,,,,,,,,,,,,,,,,,,,,,,,,,,,
,DDL_themis-Transformer_HybridParallel.txt-3d_switch_hetero.json-3d_switch_hetero_themis_scf.txt-100-16 8 8-8 4 1-25 25 50-1,0.000000,44374.827680,818.589922,530.496945,0.000000,77060.370906,12171.477188,249.864117,86.587154,14.082332,14.082332,75.142404,238.419367,,,,,,,,,,,,,,,,,,,,,,,,,,,,,,,,,,,
,DDL_themis-Transformer_HybridParallel.txt-3d_fc_ring_switch.json-3d_fc_ring_switch_themis_scf.txt-100-8 16 8-7 4 1-25 25 50-1,0.000000,2234053.481383,4.230336,0.000000,0.000000,56868.526719,953.549945,1992.544388,174.364328,13.212964,13.212964,113.328828,1931.508888,,,,,,,,,,,,,,,,,,,,,,,,,,,,,,,,,,,
,DDL_themis-Transformer_HybridParallel.txt-4d_ring_switch_switch_switch.json-4d_ring_switch_switch_switch_themis_scf.txt-100-4 4 8 8-2 8 4 1-125 25 25 50-1,0.000000,43952.621734,554.831336,562.935508,0.000000,140009.081898,14622.271734,244.523367,81.246404,14.082332,14.082332,75.142404,238.419367,,,,,,,,,,,,,,,,,,,,,,,,,,,,,,,,,,,
,DDL_themis-Transformer_HybridParallel.txt-4d_ring_fc_ring_switch.json-4d_ring_fc_ring_switch_themis_scf.txt-100-4 8 4 8-2 7 6 1-187.5 25 25 100-1,0.000000,75370.962914,371.299055,249.323117,0.000000,152690.910141,29630.439687,315.603406,65.820341,9.100177,9.100177,61.750841,311.533906,,,,,,,,,,,,,,,,,,,,,,,,,,,,,,,,,,,
layernorm2,DDL_themis-Transformer_HybridParallel.txt-2d_switch.json-2d_switch_themis_scf.txt-100-16 64-6 1-25 100-1,,,,,,,,,,,,,,,,,,,,,,,,,,,,,,,,,,,,,,,,,,,,,,,,
,DDL_themis-Transformer_HybridParallel.txt-3d_switch_homo.json-3d_switch_homo_themis_scf.txt-100-16 8 8-4 4 1-25 25 100-1,,,,,,,,,,,,,,,,,,,,,,,,,,,,,,,,,,,,,,,,,,,,,,,,
,DDL_themis-Transformer_HybridParallel.txt-3d_switch_hetero.json-3d_switch_hetero_themis_scf.txt-100-16 8 8-8 4 1-25 25 50-1,,,,,,,,,,,,,,,,,,,,,,,,,,,,,,,,,,,,,,,,,,,,,,,,
,DDL_themis-Transformer_HybridParallel.txt-3d_fc_ring_switch.json-3d_fc_ring_switch_themis_scf.txt-100-8 16 8-7 4 1-25 25 50-1,,,,,,,,,,,,,,,,,,,,,,,,,,,,,,,,,,,,,,,,,,,,,,,,
,DDL_themis-Transformer_HybridParallel.txt-4d_ring_switch_switch_switch.json-4d_ring_switch_switch_switch_themis_scf.txt-100-4 4 8 8-2 8 4 1-125 25 25 50-1,,,,,,,,,,,,,,,,,,,,,,,,,,,,,,,,,,,,,,,,,,,,,,,,
,DDL_themis-Transformer_HybridParallel.txt-4d_ring_fc_ring_switch.json-4d_ring_fc_ring_switch_themis_scf.txt-100-4 8 4 8-2 7 6 1-187.5 25 25 100-1,,,,,,,,,,,,,,,,,,,,,,,,,,,,,,,,,,,,,,,,,,,,,,,,
Q4,DDL_themis-Transformer_HybridParallel.txt-2d_switch.json-2d_switch_themis_scf.txt-100-16 64-6 1-25 100-1,0.000000,5053.986547,102.673453,131072.286422,10505.911016,72.034001,23.433805,8.174055,56.774251,,,,,,,,,,,,,,,,,,,,,,,,,,,,,,,,,,,,,,,
,DDL_themis-Transformer_HybridParallel.txt-3d_switch_homo.json-3d_switch_homo_themis_scf.txt-100-16 8 8-4 4 1-25 25 100-1,0.000000,5490.543539,102.223984,92.296211,0.000000,12297.097047,9697.052047,102.362656,36.161676,1.990059,1.990059,13.272676,79.473656,,,,,,,,,,,,,,,,,,,,,,,,,,,,,,,,,,,
,DDL_themis-Transformer_HybridParallel.txt-3d_switch_hetero.json-3d_switch_hetero_themis_scf.txt-100-16 8 8-8 4 1-25 25 50-1,0.000000,3903.202977,154.752367,117.569750,0.000000,90830.821969,4841.286406,71.050258,30.230900,3.521109,3.521109,18.786150,59.605508,,,,,,,,,,,,,,,,,,,,,,,,,,,,,,,,,,,
,DDL_themis-Transformer_HybridParallel.txt-3d_fc_ring_switch.json-3d_fc_ring_switch_themis_scf.txt-100-8 16 8-7 4 1-25 25 50-1,0.000000,75262.466836,9.269375,20.002125,0.000000,57051.470719,210.152203,543.912854,89.367906,3.303659,3.303659,28.332406,482.877354,,,,,,,,,,,,,,,,,,,,,,,,,,,,,,,,,,,
,DDL_themis-Transformer_HybridParallel.txt-4d_ring_switch_switch_switch.json-4d_ring_switch_switch_switch_themis_scf.txt-100-4 4 8 8-2 8 4 1-125 25 25 50-1,0.000000,3424.751500,100.951320,153.457273,0.000000,153344.960781,4313.784734,65.709508,24.890150,3.521109,3.521109,18.786150,59.605508,,,,,,,,,,,,,,,,,,,,,,,,,,,,,,,,,,,
,DDL_themis-Transformer_HybridParallel.txt-4d_ring_fc_ring_switch.json-4d_ring_fc_ring_switch_themis_scf.txt-100-4 8 4 8-2 7 6 1-187.5 25 25 100-1,0.000000,2668.506625,73.356539,70.252969,0.000000,182077.614156,5798.333570,81.953312,19.507484,2.275469,2.275469,15.437984,77.883813,,,,,,,,,,,,,,,,,,,,,,,,,,,,,,,,,,,
K4,DDL_themis-Transformer_HybridParallel.txt-2d_switch.json-2d_switch_themis_scf.txt-100-16 64-6 1-25 100-1,0.000000,17522.532375,213.574484,316449.816938,29412.071281,113.548503,16.348109,16.348109,113.548503,,,,,,,,,,,,,,,,,,,,,,,,,,,,,,,,,,,,,,,
,DDL_themis-Transformer_HybridParallel.txt-3d_switch_homo.json-3d_switch_homo_themis_scf.txt-100-16 8 8-4 4 1-25 25 100-1,0.000000,14978.725266,200.373844,176.140500,0.000000,61795.373969,15938.885469,158.947313,26.545352,3.980117,3.980117,26.545352,158.947313,,,,,,,,,,,,,,,,,,,,,,,,,,,,,,,,,,,
,DDL_themis-Transformer_HybridParallel.txt-3d_switch_hetero.json-3d_switch_hetero_themis_scf.txt-100-16 8 8-8 4 1-25 25 50-1,0.000000,13923.278016,288.181156,401.018078,0.000000,201168.035531,9233.776250,119.211016,37.572299,7.042219,7.042219,37.572299,119.211016,,,,,,,,,,,,,,,,,,,,,,,,,,,,,,,,,,,
,DDL_themis-Transformer_HybridParallel.txt-3d_fc_ring_switch.json-3d_fc_ring_switch_themis_scf.txt-100-8 16 8-7 4 1-25 25 50-1,0.000000,303869.523250,2.933953,13.301906,0.000000,114115.570469,517.402984,965.754708,56.664812,6.607318,6.607318,56.664812,965.754708,,,,,,,,,,,,,,,,,,,,,,,,,,,,,,,,,,,
,DDL_themis-Transformer_HybridParallel.txt-4d_ring_switch_switch_switch.json-4d_ring_switch_switch_switch_themis_scf.txt-100-4 4 8 8-2 8 4 1-125 25 25 50-1,0.000000,12987.466547,354.649328,270.055187,0.000000,333397.368734,10803.237484,119.211016,37.572299,7.042219,7.042219,37.572299,119.211016,,,,,,,,,,,,,,,,,,,,,,,,,,,,,,,,,,,
,DDL_themis-Transformer_HybridParallel.txt-4d_ring_fc_ring_switch.json-4d_ring_fc_ring_switch_themis_scf.txt-100-4 8 4 8-2 7 6 1-187.5 25 25 100-1,0.000000,10107.207734,136.122219,160.009016,0.000000,378316.008891,7501.426875,155.767625,30.875969,4.550937,4.550937,30.875969,155.767625,,,,,,,,,,,,,,,,,,,,,,,,,,,,,,,,,,,
V4,DDL_themis-Transformer_HybridParallel.txt-2d_switch.json-2d_switch_themis_scf.txt-100-16 64-6 1-25 100-1,0.000000,41937.363437,183.410547,306619.647641,16412.677859,113.548503,16.348109,16.348109,113.548503,,,,,,,,,,,,,,,,,,,,,,,,,,,,,,,,,,,,,,,
,DDL_themis-Transformer_HybridParallel.txt-3d_switch_homo.json-3d_switch_homo_themis_scf.txt-100-16 8 8-4 4 1-25 25 100-1,0.000000,23254.192984,197.853719,194.729938,0.000000,105368.314875,19095.834297,158.947313,26.545352,3.980117,3.980117,26.545352,158.947313,,,,,,,,,,,,,,,,,,,,,,,,,,,,,,,,,,,
,DDL_themis-Transformer_HybridParallel.txt-3d_switch_hetero.json-3d_switch_hetero_themis_scf.txt-100-16 8 8-8 4 1-25 25 50-1,0.000000,26040.862547,258.212406,507.625375,0.000000,203961.445531,5074.696609,119.211016,37.572299,7.042219,7.042219,37.572299,119.211016,,,,,,,,,,,,,,,,,,,,,,,,,,,,,,,,,,,
,DDL_themis-Transformer_HybridParallel.txt-3d_fc_ring_switch.json-3d_fc_ring_switch_themis_scf.txt-100-8 16 8-7 4 1-25 25 50-1,0.000000,426112.316422,22.679719,10.499359,0.000000,114114.557953,532.659516,965.754708,56.664812,6.607318,6.607318,56.664812,965.754708,,,,,,,,,,,,,,,,,,,,,,,,,,,,,,,,,,,
,DDL_themis-Transformer_HybridParallel.txt-4d_ring_switch_switch_switch.json-4d_ring_switch_switch_switch_themis_scf.txt-100-4 4 8 8-2 8 4 1-125 25 25 50-1,0.000000,27125.137016,400.416797,325.957594,0.000000,324598.436312,4424.766828,119.211016,37.572299,7.042219,7.042219,37.572299,119.211016,,,,,,,,,,,,,,,,,,,,,,,,,,,,,,,,,,,
,DDL_themis-Transformer_HybridParallel.txt-4d_ring_fc_ring_switch.json-4d_ring_fc_ring_switch_themis_scf.txt-100-4 8 4 8-2 7 6 1-187.5 25 25 100-1,0.000000,23854.098203,196.239563,218.748984,0.000000,369893.800312,3623.735672,155.767625,30.875969,4.550937,4.550937,30.875969,155.767625,,,,,,,,,,,,,,,,,,,,,,,,,,,,,,,,,,,
Softmax4,DDL_themis-Transformer_HybridParallel.txt-2d_switch.json-2d_switch_themis_scf.txt-100-16 64-6 1-25 100-1,,,,,,,,,,,,,,,,,,,,,,,,,,,,,,,,,,,,,,,,,,,,,,,,
,DDL_themis-Transformer_HybridParallel.txt-3d_switch_homo.json-3d_switch_homo_themis_scf.txt-100-16 8 8-4 4 1-25 25 100-1,,,,,,,,,,,,,,,,,,,,,,,,,,,,,,,,,,,,,,,,,,,,,,,,
,DDL_themis-Transformer_HybridParallel.txt-3d_switch_hetero.json-3d_switch_hetero_themis_scf.txt-100-16 8 8-8 4 1-25 25 50-1,,,,,,,,,,,,,,,,,,,,,,,,,,,,,,,,,,,,,,,,,,,,,,,,
,DDL_themis-Transformer_HybridParallel.txt-3d_fc_ring_switch.json-3d_fc_ring_switch_themis_scf.txt-100-8 16 8-7 4 1-25 25 50-1,,,,,,,,,,,,,,,,,,,,,,,,,,,,,,,,,,,,,,,,,,,,,,,,
,DDL_themis-Transformer_HybridParallel.txt-4d_ring_switch_switch_switch.json-4d_ring_switch_switch_switch_themis_scf.txt-100-4 4 8 8-2 8 4 1-125 25 25 50-1,,,,,,,,,,,,,,,,,,,,,,,,,,,,,,,,,,,,,,,,,,,,,,,,
,DDL_themis-Transformer_HybridParallel.txt-4d_ring_fc_ring_switch.json-4d_ring_fc_ring_switch_themis_scf.txt-100-4 8 4 8-2 7 6 1-187.5 25 25 100-1,,,,,,,,,,,,,,,,,,,,,,,,,,,,,,,,,,,,,,,,,,,,,,,,
QKV4,DDL_themis-Transformer_HybridParallel.txt-2d_switch.json-2d_switch_themis_scf.txt-100-16 64-6 1-25 100-1,,,,,,,,,,,,,,,,,,,,,,,,,,,,,,,,,,,,,,,,,,,,,,,,
,DDL_themis-Transformer_HybridParallel.txt-3d_switch_homo.json-3d_switch_homo_themis_scf.txt-100-16 8 8-4 4 1-25 25 100-1,,,,,,,,,,,,,,,,,,,,,,,,,,,,,,,,,,,,,,,,,,,,,,,,
,DDL_themis-Transformer_HybridParallel.txt-3d_switch_hetero.json-3d_switch_hetero_themis_scf.txt-100-16 8 8-8 4 1-25 25 50-1,,,,,,,,,,,,,,,,,,,,,,,,,,,,,,,,,,,,,,,,,,,,,,,,
,DDL_themis-Transformer_HybridParallel.txt-3d_fc_ring_switch.json-3d_fc_ring_switch_themis_scf.txt-100-8 16 8-7 4 1-25 25 50-1,,,,,,,,,,,,,,,,,,,,,,,,,,,,,,,,,,,,,,,,,,,,,,,,
,DDL_themis-Transformer_HybridParallel.txt-4d_ring_switch_switch_switch.json-4d_ring_switch_switch_switch_themis_scf.txt-100-4 4 8 8-2 8 4 1-125 25 25 50-1,,,,,,,,,,,,,,,,,,,,,,,,,,,,,,,,,,,,,,,,,,,,,,,,
,DDL_themis-Transformer_HybridParallel.txt-4d_ring_fc_ring_switch.json-4d_ring_fc_ring_switch_themis_scf.txt-100-4 8 4 8-2 7 6 1-187.5 25 25 100-1,,,,,,,,,,,,,,,,,,,,,,,,,,,,,,,,,,,,,,,,,,,,,,,,
Concat4,DDL_themis-Transformer_HybridParallel.txt-2d_switch.json-2d_switch_themis_scf.txt-100-16 64-6 1-25 100-1,0.000000,44353.760115,70.436036,123742.823474,9296.243161,699.064834,15.622536,5.449370,37.849501,,,,,,,,,,,,,,,,,,,,,,,,,,,,,,,,,,,,,,,
,DDL_themis-Transformer_HybridParallel.txt-3d_switch_homo.json-3d_switch_homo_themis_scf.txt-100-16 8 8-4 4 1-25 25 100-1,0.000000,66050.606901,63.781094,63.134547,0.000000,34614.363672,2628.329755,1044.804938,24.107784,1.326706,1.326706,8.848451,52.982438,,,,,,,,,,,,,,,,,,,,,,,,,,,,,,,,,,,
,DDL_themis-Transformer_HybridParallel.txt-3d_switch_hetero.json-3d_switch_hetero_themis_scf.txt-100-16 8 8-8 4 1-25 25 50-1,0.000000,33257.899677,112.254484,87.413875,0.000000,81244.693615,3799.435516,535.648672,20.153933,2.347406,2.347406,12.524100,39.737005,,,,,,,,,,,,,,,,,,,,,,,,,,,,,,,,,,,
,DDL_themis-Transformer_HybridParallel.txt-3d_fc_ring_switch.json-3d_fc_ring_switch_themis_scf.txt-100-8 16 8-7 4 1-25 25 50-1,0.000000,104862.530391,3.920594,0.557005,0.000000,40651.252859,112.047729,2966.775569,59.578604,2.202439,2.202439,18.888271,321.918236,,,,,,,,,,,,,,,,,,,,,,,,,,,,,,,,,,,
,DDL_themis-Transformer_HybridParallel.txt-4d_ring_switch_switch_switch.json-4d_ring_switch_switch_switch_themis_scf.txt-100-4 4 8 8-2 8 4 1-125 25 25 50-1,0.000000,26954.987469,91.988292,87.695219,0.000000,132113.808417,3279.335969,304.223339,16.593433,2.347406,2.347406,12.524100,39.737005,,,,,,,,,,,,,,,,,,,,,,,,,,,,,,,,,,,
,DDL_themis-Transformer_HybridParallel.txt-4d_ring_fc_ring_switch.json-4d_ring_fc_ring_switch_themis_scf.txt-100-4 8 4 8-2 7 6 1-187.5 25 25 100-1,0.000000,18187.206240,47.875813,58.838422,0.000000,144876.001766,1021.674323,228.246875,13.004990,1.516979,1.516979,10.291990,51.922542,,,,,,,,,,,,,,,,,,,,,,,,,,,,,,,,,,,
Relu4,DDL_themis-Transformer_HybridParallel.txt-2d_switch.json-2d_switch_themis_scf.txt-100-16 64-6 1-25 100-1,0.000000,152269.753312,37.849211,130321.884555,31093.900547,242.354107,47.953668,32.693918,227.094357,,,,,,,,,,,,,,,,,,,,,,,,,,,,,,,,,,,,,,,
,DDL_themis-Transformer_HybridParallel.txt-3d_switch_homo.json-3d_switch_homo_themis_scf.txt-100-16 8 8-4 4 1-25 25 100-1,0.000000,31131.138266,336.151328,419.926289,0.000000,40119.612203,30234.043195,340.781227,75.977710,7.957926,7.957926,53.088710,317.892227,,,,,,,,,,,,,,,,,,,,,,,,,,,,,,,,,,,
,DDL_themis-Transformer_HybridParallel.txt-3d_switch_hetero.json-3d_switch_hetero_themis_scf.txt-100-16 8 8-8 4 1-25 25 50-1,0.000000,20213.066156,435.409664,373.088500,0.000000,111553.551594,42311.532906,249.864117,86.587154,14.082332,14.082332,75.142404,238.419367,,,,,,,,,,,,,,,,,,,,,,,,,,,,,,,,,,,
,DDL_themis-Transformer_HybridParallel.txt-3d_fc_ring_switch.json-3d_fc_ring_switch_themis_scf.txt-100-8 16 8-7 4 1-25 25 50-1,0.000000,2453543.060906,3.059703,0.474383,0.000000,61064.863008,38457.654672,1992.544388,174.364328,13.212964,13.212964,113.328828,1931.508888,,,,,,,,,,,,,,,,,,,,,,,,,,,,,,,,,,,
,DDL_themis-Transformer_HybridParallel.txt-4d_ring_switch_switch_switch.json-4d_ring_switch_switch_switch_themis_scf.txt-100-4 4 8 8-2 8 4 1-125 25 25 50-1,0.000000,29368.634539,539.088547,429.514992,0.000000,178032.926633,21154.522867,244.523367,81.246404,14.082332,14.082332,75.142404,238.419367,,,,,,,,,,,,,,,,,,,,,,,,,,,,,,,,,,,
,DDL_themis-Transformer_HybridParallel.txt-4d_ring_fc_ring_switch.json-4d_ring_fc_ring_switch_themis_scf.txt-100-4 8 4 8-2 7 6 1-187.5 25 25 100-1,0.000000,17371.879922,275.078312,276.676133,0.000000,204548.529437,99347.471469,315.603406,65.820341,9.100177,9.100177,61.750841,311.533906,,,,,,,,,,,,,,,,,,,,,,,,,,,,,,,,,,,
X4W2b2,DDL_themis-Transformer_HybridParallel.txt-2d_switch.json-2d_switch_themis_scf.txt-100-16 64-6 1-25 100-1,0.000000,531339.418242,59.351500,127402.814195,28415.666156,242.354107,47.953668,32.693918,227.094357,,,,,,,,,,,,,,,,,,,,,,,,,,,,,,,,,,,,,,,
,DDL_themis-Transformer_HybridParallel.txt-3d_switch_homo.json-3d_switch_homo_themis_scf.txt-100-16 8 8-4 4 1-25 25 100-1,0.000000,54612.138594,898.384672,375.624008,0.000000,24027.955500,13376.971227,340.781227,75.977710,7.957926,7.957926,53.088710,317.892227,,,,,,,,,,,,,,,,,,,,,,,,,,,,,,,,,,,
,DDL_themis-Transformer_HybridParallel.txt-3d_switch_hetero.json-3d_switch_hetero_themis_scf.txt-100-16 8 8-8 4 1-25 25 50-1,0.000000,40285.505180,858.242461,507.310258,0.000000,98821.332266,18116.248023,249.864117,86.587154,14.082332,14.082332,75.142404,238.419367,,,,,,,,,,,,,,,,,,,,,,,,,,,,,,,,,,,
,DDL_themis-Transformer_HybridParallel.txt-3d_fc_ring_switch.json-3d_fc_ring_switch_themis_scf.txt-100-8 16 8-7 4 1-25 25 50-1,0.000000,2960749.068789,6.311586,0.000000,0.447437,61095.114719,1018.404969,1992.544388,174.364328,13.212964,13.212964,113.328828,1931.508888,,,,,,,,,,,,,,,,,,,,,,,,,,,,,,,,,,,
,DDL_themis-Transformer_HybridParallel.txt-4d_ring_switch_switch_switch.json-4d_ring_switch_switch_switch_themis_scf.txt-100-4 4 8 8-2 8 4 1-125 25 25 50-1,0.000000,121920.792281,1102.316937,286.835031,0.000000,161349.360969,14939.196859,244.523367,81.246404,14.082332,14.082332,75.142404,238.419367,,,,,,,,,,,,,,,,,,,,,,,,,,,,,,,,,,,
,DDL_themis-Transformer_HybridParallel.txt-4d_ring_fc_ring_switch.json-4d_ring_fc_ring_switch_themis_scf.txt-100-4 8 4 8-2 7 6 1-187.5 25 25 100-1,0.000000,89171.438703,395.610461,288.166789,0.000000,178603.940031,38218.530836,315.603406,65.820341,9.100177,9.100177,61.750841,311.533906,,,,,,,,,,,,,,,,,,,,,,,,,,,,,,,,,,,
layernorm4,DDL_themis-Transformer_HybridParallel.txt-2d_switch.json-2d_switch_themis_scf.txt-100-16 64-6 1-25 100-1,,,,,,,,,,,,,,,,,,,,,,,,,,,,,,,,,,,,,,,,,,,,,,,,
,DDL_themis-Transformer_HybridParallel.txt-3d_switch_homo.json-3d_switch_homo_themis_scf.txt-100-16 8 8-4 4 1-25 25 100-1,,,,,,,,,,,,,,,,,,,,,,,,,,,,,,,,,,,,,,,,,,,,,,,,
,DDL_themis-Transformer_HybridParallel.txt-3d_switch_hetero.json-3d_switch_hetero_themis_scf.txt-100-16 8 8-8 4 1-25 25 50-1,,,,,,,,,,,,,,,,,,,,,,,,,,,,,,,,,,,,,,,,,,,,,,,,
,DDL_themis-Transformer_HybridParallel.txt-3d_fc_ring_switch.json-3d_fc_ring_switch_themis_scf.txt-100-8 16 8-7 4 1-25 25 50-1,,,,,,,,,,,,,,,,,,,,,,,,,,,,,,,,,,,,,,,,,,,,,,,,
,DDL_themis-Transformer_HybridParallel.txt-4d_ring_switch_switch_switch.json-4d_ring_switch_switch_switch_themis_scf.txt-100-4 4 8 8-2 8 4 1-125 25 25 50-1,,,,,,,,,,,,,,,,,,,,,,,,,,,,,,,,,,,,,,,,,,,,,,,,
,DDL_themis-Transformer_HybridParallel.txt-4d_ring_fc_ring_switch.json-4d_ring_fc_ring_switch_themis_scf.txt-100-4 8 4 8-2 7 6 1-187.5 25 25 100-1,,,,,,,,,,,,,,,,,,,,,,,,,,,,,,,,,,,,,,,,,,,,,,,,
Q5,DDL_themis-Transformer_HybridParallel.txt-2d_switch.json-2d_switch_themis_scf.txt-100-16 64-6 1-25 100-1,0.000000,5004.498359,101.796297,173495.165328,13215.636766,72.034001,23.433805,8.174055,56.774251,,,,,,,,,,,,,,,,,,,,,,,,,,,,,,,,,,,,,,,
,DDL_themis-Transformer_HybridParallel.txt-3d_switch_homo.json-3d_switch_homo_themis_scf.txt-100-16 8 8-4 4 1-25 25 100-1,0.000000,5490.543539,102.223984,92.296211,0.000000,12297.097047,9697.052047,102.362656,36.161676,1.990059,1.990059,13.272676,79.473656,,,,,,,,,,,,,,,,,,,,,,,,,,,,,,,,,,,
,DDL_themis-Transformer_HybridParallel.txt-3d_switch_hetero.json-3d_switch_hetero_themis_scf.txt-100-16 8 8-8 4 1-25 25 50-1,0.000000,3964.368875,163.459992,119.200602,0.000000,128416.043398,7480.254391,71.050258,30.230900,3.521109,3.521109,18.786150,59.605508,,,,,,,,,,,,,,,,,,,,,,,,,,,,,,,,,,,
,DDL_themis-Transformer_HybridParallel.txt-3d_fc_ring_switch.json-3d_fc_ring_switch_themis_scf.txt-100-8 16 8-7 4 1-25 25 50-1,0.000000,75858.979844,31.773828,11.423336,0.000000,61308.281719,342.107328,543.912854,89.367906,3.303659,3.303659,28.332406,482.877354,,,,,,,,,,,,,,,,,,,,,,,,,,,,,,,,,,,
,DDL_themis-Transformer_HybridParallel.txt-4d_ring_switch_switch_switch.json-4d_ring_switch_switch_switch_themis_scf.txt-100-4 4 8 8-2 8 4 1-125 25 25 50-1,0.000000,3547.238680,166.864805,135.620750,0.000000,184077.070188,5126.203969,65.709508,24.890150,3.521109,3.521109,18.786150,59.605508,,,,,,,,,,,,,,,,,,,,,,,,,,,,,,,,,,,
,DDL_themis-Transformer_HybridParallel.txt-4d_ring_fc_ring_switch.json-4d_ring_fc_ring_switch_themis_scf.txt-100-4 8 4 8-2 7 6 1-187.5 25 25 100-1,0.000000,2634.386953,77.962953,85.308367,0.000000,212672.945500,7013.411281,81.953312,19.507484,2.275469,2.275469,15.437984,77.883813,,,,,,,,,,,,,,,,,,,,,,,,,,,,,,,,,,,
K5,DDL_themis-Transformer_HybridParallel.txt-2d_switch.json-2d_switch_themis_scf.txt-100-16 64-6 1-25 100-1,0.000000,17423.556000,211.820172,375962.606594,34836.712750,113.548503,16.348109,16.348109,113.548503,,,,,,,,,,,,,,,,,,,,,,,,,,,,,,,,,,,,,,,
,DDL_themis-Transformer_HybridParallel.txt-3d_switch_homo.json-3d_switch_homo_themis_scf.txt-100-16 8 8-4 4 1-25 25 100-1,0.000000,14978.725266,200.373844,176.140500,0.000000,61795.373969,15938.885469,158.947313,26.545352,3.980117,3.980117,26.545352,158.947313,,,,,,,,,,,,,,,,,,,,,,,,,,,,,,,,,,,
,DDL_themis-Transformer_HybridParallel.txt-3d_switch_hetero.json-3d_switch_hetero_themis_scf.txt-100-16 8 8-8 4 1-25 25 50-1,0.000000,13778.512734,340.422578,452.012859,0.000000,251648.157812,13836.258781,119.211016,37.572299,7.042219,7.042219,37.572299,119.211016,,,,,,,,,,,,,,,,,,,,,,,,,,,,,,,,,,,
,DDL_themis-Transformer_HybridParallel.txt-3d_fc_ring_switch.json-3d_fc_ring_switch_themis_scf.txt-100-8 16 8-7 4 1-25 25 50-1,0.000000,300249.832219,9.004125,6.926297,0.000000,122579.364563,578.906219,965.754708,56.664812,6.607318,6.607318,56.664812,965.754708,,,,,,,,,,,,,,,,,,,,,,,,,,,,,,,,,,,
,DDL_themis-Transformer_HybridParallel.txt-4d_ring_switch_switch_switch.json-4d_ring_switch_switch_switch_themis_scf.txt-100-4 4 8 8-2 8 4 1-125 25 25 50-1,0.000000,13575.223359,294.802625,303.073000,0.000000,392359.400750,12280.832109,119.211016,37.572299,7.042219,7.042219,37.572299,119.211016,,,,,,,,,,,,,,,,,,,,,,,,,,,,,,,,,,,
,DDL_themis-Transformer_HybridParallel.txt-4d_ring_fc_ring_switch.json-4d_ring_fc_ring_switch_themis_scf.txt-100-4 8 4 8-2 7 6 1-187.5 25 25 100-1,0.000000,10041.828875,139.265203,168.412625,0.000000,439518.581828,6268.143609,155.767625,30.875969,4.550937,4.550937,30.875969,155.767625,,,,,,,,,,,,,,,,,,,,,,,,,,,,,,,,,,,
V5,DDL_themis-Transformer_HybridParallel.txt-2d_switch.json-2d_switch_themis_scf.txt-100-16 64-6 1-25 100-1,0.000000,40171.213125,194.054313,363686.670422,19265.693484,113.548503,16.348109,16.348109,113.548503,,,,,,,,,,,,,,,,,,,,,,,,,,,,,,,,,,,,,,,
,DDL_themis-Transformer_HybridParallel.txt-3d_switch_homo.json-3d_switch_homo_themis_scf.txt-100-16 8 8-4 4 1-25 25 100-1,0.000000,23254.192984,197.853719,194.729938,0.000000,105368.314875,19095.834297,158.947313,26.545352,3.980117,3.980117,26.545352,158.947313,,,,,,,,,,,,,,,,,,,,,,,,,,,,,,,,,,,
,DDL_themis-Transformer_HybridParallel.txt-3d_switch_hetero.json-3d_switch_hetero_themis_scf.txt-100-16 8 8-8 4 1-25 25 50-1,0.000000,26513.273000,292.292719,587.604500,0.000000,243984.504187,6873.643156,119.211016,37.572299,7.042219,7.042219,37.572299,119.211016,,,,,,,,,,,,,,,,,,,,,,,,,,,,,,,,,,,
,DDL_themis-Transformer_HybridParallel.txt-3d_fc_ring_switch.json-3d_fc_ring_switch_themis_scf.txt-100-8 16 8-7 4 1-25 25 50-1,0.000000,418675.703563,9.673281,6.257141,0.000000,122594.626109,4474.701641,965.754708,56.664812,6.607318,6.607318,56.664812,965.754708,,,,,,,,,,,,,,,,,,,,,,,,,,,,,,,,,,,
,DDL_themis-Transformer_HybridParallel.txt-4d_ring_switch_switch_switch.json-4d_ring_switch_switch_switch_themis_scf.txt-100-4 4 8 8-2 8 4 1-125 25 25 50-1,0.000000,27140.610344,253.966312,266.624141,0.000000,390557.248891,6491.985031,119.211016,37.572299,7.042219,7.042219,37.572299,119.211016,,,,,,,,,,,,,,,,,,,,,,,,,,,,,,,,,,,
,DDL_themis-Transformer_HybridParallel.txt-4d_ring_fc_ring_switch.json-4d_ring_fc_ring_switch_themis_scf.txt-100-4 8 4 8-2 7 6 1-187.5 25 25 100-1,0.000000,23696.342609,191.119937,202.223844,0.000000,430360.750375,4939.163062,155.767625,30.875969,4.550937,4.550937,30.875969,155.767625,,,,,,,,,,,,,,,,,,,,,,,,,,,,,,,,,,,
Softmax5,DDL_themis-Transformer_HybridParallel.txt-2d_switch.json-2d_switch_themis_scf.txt-100-16 64-6 1-25 100-1,,,,,,,,,,,,,,,,,,,,,,,,,,,,,,,,,,,,,,,,,,,,,,,,
,DDL_themis-Transformer_HybridParallel.txt-3d_switch_homo.json-3d_switch_homo_themis_scf.txt-100-16 8 8-4 4 1-25 25 100-1,,,,,,,,,,,,,,,,,,,,,,,,,,,,,,,,,,,,,,,,,,,,,,,,
,DDL_themis-Transformer_HybridParallel.txt-3d_switch_hetero.json-3d_switch_hetero_themis_scf.txt-100-16 8 8-8 4 1-25 25 50-1,,,,,,,,,,,,,,,,,,,,,,,,,,,,,,,,,,,,,,,,,,,,,,,,
,DDL_themis-Transformer_HybridParallel.txt-3d_fc_ring_switch.json-3d_fc_ring_switch_themis_scf.txt-100-8 16 8-7 4 1-25 25 50-1,,,,,,,,,,,,,,,,,,,,,,,,,,,,,,,,,,,,,,,,,,,,,,,,
,DDL_themis-Transformer_HybridParallel.txt-4d_ring_switch_switch_switch.json-4d_ring_switch_switch_switch_themis_scf.txt-100-4 4 8 8-2 8 4 1-125 25 25 50-1,,,,,,,,,,,,,,,,,,,,,,,,,,,,,,,,,,,,,,,,,,,,,,,,
,DDL_themis-Transformer_HybridParallel.txt-4d_ring_fc_ring_switch.json-4d_ring_fc_ring_switch_themis_scf.txt-100-4 8 4 8-2 7 6 1-187.5 25 25 100-1,,,,,,,,,,,,,,,,,,,,,,,,,,,,,,,,,,,,,,,,,,,,,,,,
QKV5,DDL_themis-Transformer_HybridParallel.txt-2d_switch.json-2d_switch_themis_scf.txt-100-16 64-6 1-25 100-1,,,,,,,,,,,,,,,,,,,,,,,,,,,,,,,,,,,,,,,,,,,,,,,,
,DDL_themis-Transformer_HybridParallel.txt-3d_switch_homo.json-3d_switch_homo_themis_scf.txt-100-16 8 8-4 4 1-25 25 100-1,,,,,,,,,,,,,,,,,,,,,,,,,,,,,,,,,,,,,,,,,,,,,,,,
,DDL_themis-Transformer_HybridParallel.txt-3d_switch_hetero.json-3d_switch_hetero_themis_scf.txt-100-16 8 8-8 4 1-25 25 50-1,,,,,,,,,,,,,,,,,,,,,,,,,,,,,,,,,,,,,,,,,,,,,,,,
,DDL_themis-Transformer_HybridParallel.txt-3d_fc_ring_switch.json-3d_fc_ring_switch_themis_scf.txt-100-8 16 8-7 4 1-25 25 50-1,,,,,,,,,,,,,,,,,,,,,,,,,,,,,,,,,,,,,,,,,,,,,,,,
,DDL_themis-Transformer_HybridParallel.txt-4d_ring_switch_switch_switch.json-4d_ring_switch_switch_switch_themis_scf.txt-100-4 4 8 8-2 8 4 1-125 25 25 50-1,,,,,,,,,,,,,,,,,,,,,,,,,,,,,,,,,,,,,,,,,,,,,,,,
,DDL_themis-Transformer_HybridParallel.txt-4d_ring_fc_ring_switch.json-4d_ring_fc_ring_switch_themis_scf.txt-100-4 8 4 8-2 7 6 1-187.5 25 25 100-1,,,,,,,,,,,,,,,,,,,,,,,,,,,,,,,,,,,,,,,,,,,,,,,,
Concat5,DDL_themis-Transformer_HybridParallel.txt-2d_switch.json-2d_switch_themis_scf.txt-100-16 64-6 1-25 100-1,0.000000,44340.925844,67.612885,67616.410536,4280.596198,699.064834,15.622536,5.449370,37.849501,,,,,,,,,,,,,,,,,,,,,,,,,,,,,,,,,,,,,,,
,DDL_themis-Transformer_HybridParallel.txt-3d_switch_homo.json-3d_switch_homo_themis_scf.txt-100-16 8 8-4 4 1-25 25 100-1,0.000000,66050.606901,63.781094,63.134547,0.000000,34614.363672,2628.329755,1044.804938,24.107784,1.326706,1.326706,8.848451,52.982438,,,,,,,,,,,,,,,,,,,,,,,,,,,,,,,,,,,
,DDL_themis-Transformer_HybridParallel.txt-3d_switch_hetero.json-3d_switch_hetero_themis_scf.txt-100-16 8 8-8 4 1-25 25 50-1,0.000000,33261.866000,115.388755,82.020568,0.000000,43722.697375,650.823411,535.648672,20.153933,2.347406,2.347406,12.524100,39.737005,,,,,,,,,,,,,,,,,,,,,,,,,,,,,,,,,,,
,DDL_themis-Transformer_HybridParallel.txt-3d_fc_ring_switch.json-3d_fc_ring_switch_themis_scf.txt-100-8 16 8-7 4 1-25 25 50-1,0.000000,104640.314630,0.220984,0.000000,0.000000,43474.900547,203.621365,2966.775569,59.578604,2.202439,2.202439,18.888271,321.918236,,,,,,,,,,,,,,,,,,,,,,,,,,,,,,,,,,,
,DDL_themis-Transformer_HybridParallel.txt-4d_ring_switch_switch_switch.json-4d_ring_switch_switch_switch_themis_scf.txt-100-4 4 8 8-2 8 4 1-125 25 25 50-1,0.000000,26929.725422,68.841099,84.798271,0.000000,92394.083672,4631.139339,304.223339,16.593433,2.347406,2.347406,12.524100,39.737005,,,,,,,,,,,,,,,,,,,,,,,,,,,,,,,,,,,
,DDL_themis-Transformer_HybridParallel.txt-4d_ring_fc_ring_switch.json-4d_ring_fc_ring_switch_themis_scf.txt-100-4 8 4 8-2 7 6 1-187.5 25 25 100-1,0.000000,18192.588490,50.049229,58.707208,0.000000,166490.223542,1167.130187,228.246875,13.004990,1.516979,1.516979,10.291990,51.922542,,,,,,,,,,,,,,,,,,,,,,,,,,,,,,,,,,,
Relu5,DDL_themis-Transformer_HybridParallel.txt-2d_switch.json-2d_switch_themis_scf.txt-100-16 64-6 1-25 100-1,0.000000,30550.728664,341.115539,97473.227352,275378.236656,242.354107,47.953668,32.693918,227.094357,,,,,,,,,,,,,,,,,,,,,,,,,,,,,,,,,,,,,,,
,DDL_themis-Transformer_HybridParallel.txt-3d_switch_homo.json-3d_switch_homo_themis_scf.txt-100-16 8 8-4 4 1-25 25 100-1,0.000000,31131.138266,336.151328,419.926289,0.000000,40119.612203,30234.043195,340.781227,75.977710,7.957926,7.957926,53.088710,317.892227,,,,,,,,,,,,,,,,,,,,,,,,,,,,,,,,,,,
,DDL_themis-Transformer_HybridParallel.txt-3d_switch_hetero.json-3d_switch_hetero_themis_scf.txt-100-16 8 8-8 4 1-25 25 50-1,0.000000,23906.307359,359.776891,414.129953,0.000000,51474.927023,219054.989781,249.864117,86.587154,14.082332,14.082332,75.142404,238.419367,,,,,,,,,,,,,,,,,,,,,,,,,,,,,,,,,,,
,DDL_themis-Transformer_HybridParallel.txt-3d_fc_ring_switch.json-3d_fc_ring_switch_themis_scf.txt-100-8 16 8-7 4 1-25 25 50-1,0.000000,3150374.223289,4.884383,0.179664,0.000000,65291.898477,1052.732523,1992.544388,174.364328,13.212964,13.212964,113.328828,1931.508888,,,,,,,,,,,,,,,,,,,,,,,,,,,,,,,,,,,
,DDL_themis-Transformer_HybridParallel.txt-4d_ring_switch_switch_switch.json-4d_ring_switch_switch_switch_themis_scf.txt-100-4 4 8 8-2 8 4 1-125 25 25 50-1,0.000000,20565.699172,377.794117,391.983695,0.000000,131641.205445,218517.725617,244.523367,81.246404,14.082332,14.082332,75.142404,238.419367,,,,,,,,,,,,,,,,,,,,,,,,,,,,,,,,,,,
,DDL_themis-Transformer_HybridParallel.txt-4d_ring_fc_ring_switch.json-4d_ring_fc_ring_switch_themis_scf.txt-100-4 8 4 8-2 7 6 1-187.5 25 25 100-1,0.000000,16650.416844,287.391937,299.365172,0.000000,237662.155508,194683.834164,315.603406,65.820341,9.100177,9.100177,61.750841,311.533906,,,,,,,,,,,,,,,,,,,,,,,,,,,,,,,,,,,
X5W2b2,DDL_themis-Transformer_HybridParallel.txt-2d_switch.json-2d_switch_themis_scf.txt-100-16 64-6 1-25 100-1,0.000000,59159.347914,535.799313,91194.002805,10953.189492,242.354107,47.953668,32.693918,227.094357,,,,,,,,,,,,,,,,,,,,,,,,,,,,,,,,,,,,,,,
,DDL_themis-Transformer_HybridParallel.txt-3d_switch_homo.json-3d_switch_homo_themis_scf.txt-100-16 8 8-4 4 1-25 25 100-1,0.000000,54612.138594,898.384672,375.624008,0.000000,24027.955500,13376.971227,340.781227,75.977710,7.957926,7.957926,53.088710,317.892227,,,,,,,,,,,,,,,,,,,,,,,,,,,,,,,,,,,
,DDL_themis-Transformer_HybridParallel.txt-3d_switch_hetero.json-3d_switch_hetero_themis_scf.txt-100-16 8 8-8 4 1-25 25 50-1,0.000000,47257.806008,520.408164,489.123555,0.000000,45559.736961,31080.621211,249.864117,86.587154,14.082332,14.082332,75.142404,238.419367,,,,,,,,,,,,,,,,,,,,,,,,,,,,,,,,,,,
,DDL_themis-Transformer_HybridParallel.txt-3d_fc_ring_switch.json-3d_fc_ring_switch_themis_scf.txt-100-8 16 8-7 4 1-25 25 50-1,0.000000,3689367.860758,0.476328,0.328875,0.000000,65329.898164,1083.250195,1992.544388,174.364328,13.212964,13.212964,113.328828,1931.508888,,,,,,,,,,,,,,,,,,,,,,,,,,,,,,,,,,,
,DDL_themis-Transformer_HybridParallel.txt-4d_ring_switch_switch_switch.json-4d_ring_switch_switch_switch_themis_scf.txt-100-4 4 8 8-2 8 4 1-125 25 25 50-1,0.000000,40709.062469,746.247438,540.846898,0.000000,120810.567617,114945.730977,244.523367,81.246404,14.082332,14.082332,75.142404,238.419367,,,,,,,,,,,,,,,,,,,,,,,,,,,,,,,,,,,
,DDL_themis-Transformer_HybridParallel.txt-4d_ring_fc_ring_switch.json-4d_ring_fc_ring_switch_themis_scf.txt-100-4 8 4 8-2 7 6 1-187.5 25 25 100-1,0.000000,38681.852797,283.313727,319.431250,0.000000,224636.924070,130620.349031,315.603406,65.820341,9.100177,9.100177,61.750841,311.533906,,,,,,,,,,,,,,,,,,,,,,,,,,,,,,,,,,,
layernorm5,DDL_themis-Transformer_HybridParallel.txt-2d_switch.json-2d_switch_themis_scf.txt-100-16 64-6 1-25 100-1,,,,,,,,,,,,,,,,,,,,,,,,,,,,,,,,,,,,,,,,,,,,,,,,
,DDL_themis-Transformer_HybridParallel.txt-3d_switch_homo.json-3d_switch_homo_themis_scf.txt-100-16 8 8-4 4 1-25 25 100-1,,,,,,,,,,,,,,,,,,,,,,,,,,,,,,,,,,,,,,,,,,,,,,,,
,DDL_themis-Transformer_HybridParallel.txt-3d_switch_hetero.json-3d_switch_hetero_themis_scf.txt-100-16 8 8-8 4 1-25 25 50-1,,,,,,,,,,,,,,,,,,,,,,,,,,,,,,,,,,,,,,,,,,,,,,,,
,DDL_themis-Transformer_HybridParallel.txt-3d_fc_ring_switch.json-3d_fc_ring_switch_themis_scf.txt-100-8 16 8-7 4 1-25 25 50-1,,,,,,,,,,,,,,,,,,,,,,,,,,,,,,,,,,,,,,,,,,,,,,,,
,DDL_themis-Transformer_HybridParallel.txt-4d_ring_switch_switch_switch.json-4d_ring_switch_switch_switch_themis_scf.txt-100-4 4 8 8-2 8 4 1-125 25 25 50-1,,,,,,,,,,,,,,,,,,,,,,,,,,,,,,,,,,,,,,,,,,,,,,,,
,DDL_themis-Transformer_HybridParallel.txt-4d_ring_fc_ring_switch.json-4d_ring_fc_ring_switch_themis_scf.txt-100-4 8 4 8-2 7 6 1-187.5 25 25 100-1,,,,,,,,,,,,,,,,,,,,,,,,,,,,,,,,,,,,,,,,,,,,,,,,
Q6,DDL_themis-Transformer_HybridParallel.txt-2d_switch.json-2d_switch_themis_scf.txt-100-16 64-6 1-25 100-1,0.000000,5081.036367,100.378016,98587.387703,18323.509359,72.034001,23.433805,8.174055,56.774251,,,,,,,,,,,,,,,,,,,,,,,,,,,,,,,,,,,,,,,
,DDL_themis-Transformer_HybridParallel.txt-3d_switch_homo.json-3d_switch_homo_themis_scf.txt-100-16 8 8-4 4 1-25 25 100-1,0.000000,5490.543539,102.223984,92.296211,0.000000,12297.097047,9697.052047,102.362656,36.161676,1.990059,1.990059,13.272676,79.473656,,,,,,,,,,,,,,,,,,,,,,,,,,,,,,,,,,,
,DDL_themis-Transformer_HybridParallel.txt-3d_switch_hetero.json-3d_switch_hetero_themis_scf.txt-100-16 8 8-8 4 1-25 25 50-1,0.000000,3731.807195,179.678812,145.922438,0.000000,21360.335977,864.239711,71.050258,30.230900,3.521109,3.521109,18.786150,59.605508,,,,,,,,,,,,,,,,,,,,,,,,,,,,,,,,,,,
,DDL_themis-Transformer_HybridParallel.txt-3d_fc_ring_switch.json-3d_fc_ring_switch_themis_scf.txt-100-8 16 8-7 4 1-25 25 50-1,0.000000,75501.814125,13.495516,27.510141,0.000000,65539.159102,368.286938,543.912854,89.367906,3.303659,3.303659,28.332406,482.877354,,,,,,,,,,,,,,,,,,,,,,,,,,,,,,,,,,,
,DDL_themis-Transformer_HybridParallel.txt-4d_ring_switch_switch_switch.json-4d_ring_switch_switch_switch_themis_scf.txt-100-4 4 8 8-2 8 4 1-125 25 25 50-1,0.000000,3571.667602,114.794070,124.659023,0.000000,144490.141609,8701.452180,65.709508,24.890150,3.521109,3.521109,18.786150,59.605508,,,,,,,,,,,,,,,,,,,,,,,,,,,,,,,,,,,
,DDL_themis-Transformer_HybridParallel.txt-4d_ring_fc_ring_switch.json-4d_ring_fc_ring_switch_themis_scf.txt-100-4 8 4 8-2 7 6 1-187.5 25 25 100-1,0.000000,2645.438117,65.640328,71.242781,0.000000,194663.427070,9528.842711,81.953312,19.507484,2.275469,2.275469,15.437984,77.883813,,,,,,,,,,,,,,,,,,,,,,,,,,,,,,,,,,,
K6,DDL_themis-Transformer_HybridParallel.txt-2d_switch.json-2d_switch_themis_scf.txt-100-16 64-6 1-25 100-1,0.000000,17193.474359,203.352625,208555.944531,37670.921687,113.548503,16.348109,16.348109,113.548503,,,,,,,,,,,,,,,,,,,,,,,,,,,,,,,,,,,,,,,
,DDL_themis-Transformer_HybridParallel.txt-3d_switch_homo.json-3d_switch_homo_themis_scf.txt-100-16 8 8-4 4 1-25 25 100-1,0.000000,14978.725266,200.373844,176.140500,0.000000,61795.373969,15938.885469,158.947313,26.545352,3.980117,3.980117,26.545352,158.947313,,,,,,,,,,,,,,,,,,,,,,,,,,,,,,,,,,,
,DDL_themis-Transformer_HybridParallel.txt-3d_switch_hetero.json-3d_switch_hetero_themis_scf.txt-100-16 8 8-8 4 1-25 25 50-1,0.000000,13842.965750,341.253125,306.493250,0.000000,120214.613594,4168.837578,119.211016,37.572299,7.042219,7.042219,37.572299,119.211016,,,,,,,,,,,,,,,,,,,,,,,,,,,,,,,,,,,
,DDL_themis-Transformer_HybridParallel.txt-3d_fc_ring_switch.json-3d_fc_ring_switch_themis_scf.txt-100-8 16 8-7 4 1-25 25 50-1,0.000000,304393.994312,11.258891,13.301906,0.000000,131023.712281,656.640906,965.754708,56.664812,6.607318,6.607318,56.664812,965.754708,,,,,,,,,,,,,,,,,,,,,,,,,,,,,,,,,,,
,DDL_themis-Transformer_HybridParallel.txt-4d_ring_switch_switch_switch.json-4d_ring_switch_switch_switch_themis_scf.txt-100-4 4 8 8-2 8 4 1-125 25 25 50-1,0.000000,14171.931547,233.403672,420.928094,0.000000,283363.884266,15303.609516,119.211016,37.572299,7.042219,7.042219,37.572299,119.211016,,,,,,,,,,,,,,,,,,,,,,,,,,,,,,,,,,,
,DDL_themis-Transformer_HybridParallel.txt-4d_ring_fc_ring_switch.json-4d_ring_fc_ring_switch_themis_scf.txt-100-4 8 4 8-2 7 6 1-187.5 25 25 100-1,0.000000,10223.886578,151.225250,174.110234,0.000000,466738.100437,9896.457688,155.767625,30.875969,4.550937,4.550937,30.875969,155.767625,,,,,,,,,,,,,,,,,,,,,,,,,,,,,,,,,,,
V6,DDL_themis-Transformer_HybridParallel.txt-2d_switch.json-2d_switch_themis_scf.txt-100-16 64-6 1-25 100-1,0.000000,40117.692687,209.995375,198060.216766,11408.659953,113.548503,16.348109,16.348109,113.548503,,,,,,,,,,,,,,,,,,,,,,,,,,,,,,,,,,,,,,,
,DDL_themis-Transformer_HybridParallel.txt-3d_switch_homo.json-3d_switch_homo_themis_scf.txt-100-16 8 8-4 4 1-25 25 100-1,0.000000,23254.192984,197.853719,194.729938,0.000000,105368.314875,19095.834297,158.947313,26.545352,3.980117,3.980117,26.545352,158.947313,,,,,,,,,,,,,,,,,,,,,,,,,,,,,,,,,,,
,DDL_themis-Transformer_HybridParallel.txt-3d_switch_hetero.json-3d_switch_hetero_themis_scf.txt-100-16 8 8-8 4 1-25 25 50-1,0.000000,24298.801344,357.106266,295.611969,0.000000,114946.994906,2133.776766,119.211016,37.572299,7.042219,7.042219,37.572299,119.211016,,,,,,,,,,,,,,,,,,,,,,,,,,,,,,,,,,,
,DDL_themis-Transformer_HybridParallel.txt-3d_fc_ring_switch.json-3d_fc_ring_switch_themis_scf.txt-100-8 16 8-7 4 1-25 25 50-1,0.000000,426636.787484,31.004656,10.499359,0.000000,131022.699766,671.897438,965.754708,56.664812,6.607318,6.607318,56.664812,965.754708,,,,,,,,,,,,,,,,,,,,,,,,,,,,,,,,,,,
,DDL_themis-Transformer_HybridParallel.txt-4d_ring_switch_switch_switch.json-4d_ring_switch_switch_switch_themis_scf.txt-100-4 4 8 8-2 8 4 1-125 25 25 50-1,0.000000,29044.510969,319.549312,476.108594,0.000000,273803.127281,8679.356062,119.211016,37.572299,7.042219,7.042219,37.572299,119.211016,,,,,,,,,,,,,,,,,,,,,,,,,,,,,,,,,,,
,DDL_themis-Transformer_HybridParallel.txt-4d_ring_fc_ring_switch.json-4d_ring_fc_ring_switch_themis_scf.txt-100-4 8 4 8-2 7 6 1-187.5 25 25 100-1,0.000000,23799.494766,208.622469,174.515234,0.000000,476546.690672,2527.892344,155.767625,30.875969,4.550937,4.550937,30.875969,155.767625,,,,,,,,,,,,,,,,,,,,,,,,,,,,,,,,,,,
Softmax6,DDL_themis-Transformer_HybridParallel.txt-2d_switch.json-2d_switch_themis_scf.txt-100-16 64-6 1-25 100-1,,,,,,,,,,,,,,,,,,,,,,,,,,,,,,,,,,,,,,,,,,,,,,,,
,DDL_themis-Transformer_HybridParallel.txt-3d_switch_homo.json-3d_switch_homo_themis_scf.txt-100-16 8 8-4 4 1-25 25 100-1,,,,,,,,,,,,,,,,,,,,,,,,,,,,,,,,,,,,,,,,,,,,,,,,
,DDL_themis-Transformer_HybridParallel.txt-3d_switch_hetero.json-3d_switch_hetero_themis_scf.txt-100-16 8 8-8 4 1-25 25 50-1,,,,,,,,,,,,,,,,,,,,,,,,,,,,,,,,,,,,,,,,,,,,,,,,
,DDL_themis-Transformer_HybridParallel.txt-3d_fc_ring_switch.json-3d_fc_ring_switch_themis_scf.txt-100-8 16 8-7 4 1-25 25 50-1,,,,,,,,,,,,,,,,,,,,,,,,,,,,,,,,,,,,,,,,,,,,,,,,
,DDL_themis-Transformer_HybridParallel.txt-4d_ring_switch_switch_switch.json-4d_ring_switch_switch_switch_themis_scf.txt-100-4 4 8 8-2 8 4 1-125 25 25 50-1,,,,,,,,,,,,,,,,,,,,,,,,,,,,,,,,,,,,,,,,,,,,,,,,
,DDL_themis-Transformer_HybridParallel.txt-4d_ring_fc_ring_switch.json-4d_ring_fc_ring_switch_themis_scf.txt-100-4 8 4 8-2 7 6 1-187.5 25 25 100-1,,,,,,,,,,,,,,,,,,,,,,,,,,,,,,,,,,,,,,,,,,,,,,,,
QKV6,DDL_themis-Transformer_HybridParallel.txt-2d_switch.json-2d_switch_themis_scf.txt-100-16 64-6 1-25 100-1,,,,,,,,,,,,,,,,,,,,,,,,,,,,,,,,,,,,,,,,,,,,,,,,
,DDL_themis-Transformer_HybridParallel.txt-3d_switch_homo.json-3d_switch_homo_themis_scf.txt-100-16 8 8-4 4 1-25 25 100-1,,,,,,,,,,,,,,,,,,,,,,,,,,,,,,,,,,,,,,,,,,,,,,,,
,DDL_themis-Transformer_HybridParallel.txt-3d_switch_hetero.json-3d_switch_hetero_themis_scf.txt-100-16 8 8-8 4 1-25 25 50-1,,,,,,,,,,,,,,,,,,,,,,,,,,,,,,,,,,,,,,,,,,,,,,,,
,DDL_themis-Transformer_HybridParallel.txt-3d_fc_ring_switch.json-3d_fc_ring_switch_themis_scf.txt-100-8 16 8-7 4 1-25 25 50-1,,,,,,,,,,,,,,,,,,,,,,,,,,,,,,,,,,,,,,,,,,,,,,,,
,DDL_themis-Transformer_HybridParallel.txt-4d_ring_switch_switch_switch.json-4d_ring_switch_switch_switch_themis_scf.txt-100-4 4 8 8-2 8 4 1-125 25 25 50-1,,,,,,,,,,,,,,,,,,,,,,,,,,,,,,,,,,,,,,,,,,,,,,,,
,DDL_themis-Transformer_HybridParallel.txt-4d_ring_fc_ring_switch.json-4d_ring_fc_ring_switch_themis_scf.txt-100-4 8 4 8-2 7 6 1-187.5 25 25 100-1,,,,,,,,,,,,,,,,,,,,,,,,,,,,,,,,,,,,,,,,,,,,,,,,
Concat6,DDL_themis-Transformer_HybridParallel.txt-2d_switch.json-2d_switch_themis_scf.txt-100-16 64-6 1-25 100-1,0.000000,44750.681536,73.816276,40313.716005,982.059292,699.064834,15.622536,5.449370,37.849501,,,,,,,,,,,,,,,,,,,,,,,,,,,,,,,,,,,,,,,
,DDL_themis-Transformer_HybridParallel.txt-3d_switch_homo.json-3d_switch_homo_themis_scf.txt-100-16 8 8-4 4 1-25 25 100-1,0.000000,65530.817234,85.683031,80.010344,0.000000,26756.411130,718.719891,1044.804938,24.107784,1.326706,1.326706,8.848451,52.982438,,,,,,,,,,,,,,,,,,,,,,,,,,,,,,,,,,,
,DDL_themis-Transformer_HybridParallel.txt-3d_switch_hetero.json-3d_switch_hetero_themis_scf.txt-100-16 8 8-8 4 1-25 25 50-1,0.000000,33536.309193,200.304083,171.341250,0.000000,32896.009292,363.168031,535.648672,20.153933,2.347406,2.347406,12.524100,39.737005,,,,,,,,,,,,,,,,,,,,,,,,,,,,,,,,,,,
,DDL_themis-Transformer_HybridParallel.txt-3d_fc_ring_switch.json-3d_fc_ring_switch_themis_scf.txt-100-8 16 8-7 4 1-25 25 50-1,0.000000,113697.825620,1.182651,0.000000,0.000000,46293.350005,226.759839,2966.775569,59.578604,2.202439,2.202439,18.888271,321.918236,,,,,,,,,,,,,,,,,,,,,,,,,,,,,,,,,,,
,DDL_themis-Transformer_HybridParallel.txt-4d_ring_switch_switch_switch.json-4d_ring_switch_switch_switch_themis_scf.txt-100-4 4 8 8-2 8 4 1-125 25 25 50-1,0.000000,27101.961422,86.144521,74.058724,0.000000,32471.121802,333.416906,304.223339,16.593433,2.347406,2.347406,12.524100,39.737005,,,,,,,,,,,,,,,,,,,,,,,,,,,,,,,,,,,
,DDL_themis-Transformer_HybridParallel.txt-4d_ring_fc_ring_switch.json-4d_ring_fc_ring_switch_themis_scf.txt-100-4 8 4 8-2 7 6 1-187.5 25 25 100-1,0.000000,18478.507203,58.840344,66.016073,0.000000,140934.765307,656.149448,228.246875,13.004990,1.516979,1.516979,10.291990,51.922542,,,,,,,,,,,,,,,,,,,,,,,,,,,,,,,,,,,
Relu6,DDL_themis-Transformer_HybridParallel.txt-2d_switch.json-2d_switch_themis_scf.txt-100-16 64-6 1-25 100-1,0.000000,19994.200242,509.923086,53162.326148,34607.720117,242.354107,47.953668,32.693918,227.094357,,,,,,,,,,,,,,,,,,,,,,,,,,,,,,,,,,,,,,,
,DDL_themis-Transformer_HybridParallel.txt-3d_switch_homo.json-3d_switch_homo_themis_scf.txt-100-16 8 8-4 4 1-25 25 100-1,0.000000,17609.144180,424.758562,280.160578,0.000000,33637.261234,26948.872070,340.781227,75.977710,7.957926,7.957926,53.088710,317.892227,,,,,,,,,,,,,,,,,,,,,,,,,,,,,,,,,,,
,DDL_themis-Transformer_HybridParallel.txt-3d_switch_hetero.json-3d_switch_hetero_themis_scf.txt-100-16 8 8-8 4 1-25 25 50-1,0.000000,15314.657141,595.303797,498.691273,0.000000,42693.034367,6551.970812,249.864117,86.587154,14.082332,14.082332,75.142404,238.419367,,,,,,,,,,,,,,,,,,,,,,,,,,,,,,,,,,,
,DDL_themis-Transformer_HybridParallel.txt-3d_fc_ring_switch.json-3d_fc_ring_switch_themis_scf.txt-100-8 16 8-7 4 1-25 25 50-1,0.000000,1234670.121617,0.613164,0.000000,0.000000,69528.031867,122341.396773,1992.544388,174.364328,13.212964,13.212964,113.328828,1931.508888,,,,,,,,,,,,,,,,,,,,,,,,,,,,,,,,,,,
,DDL_themis-Transformer_HybridParallel.txt-4d_ring_switch_switch_switch.json-4d_ring_switch_switch_switch_themis_scf.txt-100-4 4 8 8-2 8 4 1-125 25 25 50-1,0.000000,14385.275625,598.550023,492.005875,0.834719,41637.777047,199476.372867,244.523367,81.246404,14.082332,14.082332,75.142404,238.419367,,,,,,,,,,,,,,,,,,,,,,,,,,,,,,,,,,,
,DDL_themis-Transformer_HybridParallel.txt-4d_ring_fc_ring_switch.json-4d_ring_fc_ring_switch_themis_scf.txt-100-4 8 4 8-2 7 6 1-187.5 25 25 100-1,0.000000,11903.342242,367.354750,322.133547,0.000000,203855.258758,79824.669742,315.603406,65.820341,9.100177,9.100177,61.750841,311.533906,,,,,,,,,,,,,,,,,,,,,,,,,,,,,,,,,,,
X6W2b2,DDL_themis-Transformer_HybridParallel.txt-2d_switch.json-2d_switch_themis_scf.txt-100-16 64-6 1-25 100-1,0.000000,43646.300672,390.361234,42877.622695,11290.163500,242.354107,47.953668,32.693918,227.094357,,,,,,,,,,,,,,,,,,,,,,,,,,,,,,,,,,,,,,,
,DDL_themis-Transformer_HybridParallel.txt-3d_switch_homo.json-3d_switch_homo_themis_scf.txt-100-16 8 8-4 4 1-25 25 100-1,0.000000,35715.452336,366.131562,361.823023,0.000000,21792.193297,15411.508352,340.781227,75.977710,7.957926,7.957926,53.088710,317.892227,,,,,,,,,,,,,,,,,,,,,,,,,,,,,,,,,,,
,DDL_themis-Transformer_HybridParallel.txt-3d_switch_hetero.json-3d_switch_hetero_themis_scf.txt-100-16 8 8-8 4 1-25 25 50-1,0.000000,29748.401586,451.943219,531.542992,0.000000,35781.166070,8030.194000,249.864117,86.587154,14.082332,14.082332,75.142404,238.419367,,,,,,,,,,,,,,,,,,,,,,,,,,,,,,,,,,,
,DDL_themis-Transformer_HybridParallel.txt-3d_fc_ring_switch.json-3d_fc_ring_switch_themis_scf.txt-100-8 16 8-7 4 1-25 25 50-1,0.000000,4267979.722859,2.737203,24.208727,0.000000,69556.521508,779.747094,1992.544388,174.364328,13.212964,13.212964,113.328828,1931.508888,,,,,,,,,,,,,,,,,,,,,,,,,,,,,,,,,,,
,DDL_themis-Transformer_HybridParallel.txt-4d_ring_switch_switch_switch.json-4d_ring_switch_switch_switch_themis_scf.txt-100-4 4 8 8-2 8 4 1-125 25 25 50-1,0.000000,30334.199578,513.499227,532.253695,0.000000,42517.574516,60689.746648,244.523367,81.246404,14.082332,14.082332,75.142404,238.419367,,,,,,,,,,,,,,,,,,,,,,,,,,,,,,,,,,,
,DDL_themis-Transformer_HybridParallel.txt-4d_ring_fc_ring_switch.json-4d_ring_fc_ring_switch_themis_scf.txt-100-4 8 4 8-2 7 6 1-187.5 25 25 100-1,0.000000,30715.648344,250.222883,290.425766,0.000000,195646.843539,60561.187836,315.603406,65.820341,9.100177,9.100177,61.750841,311.533906,,,,,,,,,,,,,,,,,,,,,,,,,,,,,,,,,,,
layernorm6,DDL_themis-Transformer_HybridParallel.txt-2d_switch.json-2d_switch_themis_scf.txt-100-16 64-6 1-25 100-1,,,,,,,,,,,,,,,,,,,,,,,,,,,,,,,,,,,,,,,,,,,,,,,,
,DDL_themis-Transformer_HybridParallel.txt-3d_switch_homo.json-3d_switch_homo_themis_scf.txt-100-16 8 8-4 4 1-25 25 100-1,,,,,,,,,,,,,,,,,,,,,,,,,,,,,,,,,,,,,,,,,,,,,,,,
,DDL_themis-Transformer_HybridParallel.txt-3d_switch_hetero.json-3d_switch_hetero_themis_scf.txt-100-16 8 8-8 4 1-25 25 50-1,,,,,,,,,,,,,,,,,,,,,,,,,,,,,,,,,,,,,,,,,,,,,,,,
,DDL_themis-Transformer_HybridParallel.txt-3d_fc_ring_switch.json-3d_fc_ring_switch_themis_scf.txt-100-8 16 8-7 4 1-25 25 50-1,,,,,,,,,,,,,,,,,,,,,,,,,,,,,,,,,,,,,,,,,,,,,,,,
,DDL_themis-Transformer_HybridParallel.txt-4d_ring_switch_switch_switch.json-4d_ring_switch_switch_switch_themis_scf.txt-100-4 4 8 8-2 8 4 1-125 25 25 50-1,,,,,,,,,,,,,,,,,,,,,,,,,,,,,,,,,,,,,,,,,,,,,,,,
,DDL_themis-Transformer_HybridParallel.txt-4d_ring_fc_ring_switch.json-4d_ring_fc_ring_switch_themis_scf.txt-100-4 8 4 8-2 7 6 1-187.5 25 25 100-1,,,,,,,,,,,,,,,,,,,,,,,,,,,,,,,,,,,,,,,,,,,,,,,,
fc,DDL_themis-Transformer_HybridParallel.txt-2d_switch.json-2d_switch_themis_scf.txt-100-16 64-6 1-25 100-1,0.000000,24911.620005,35.994464,1521.362245,768.660349,388.592978,13.166732,2.993565,20.791478,,,,,,,,,,,,,,,,,,,,,,,,,,,,,,,,,,,,,,,
,DDL_themis-Transformer_HybridParallel.txt-3d_switch_homo.json-3d_switch_homo_themis_scf.txt-100-16 8 8-4 4 1-25 25 100-1,0.000000,36636.776005,33.166031,34.291828,0.000000,1053.760901,821.703896,580.806033,20.120062,0.728943,0.728943,4.860729,29.104366,,,,,,,,,,,,,,,,,,,,,,,,,,,,,,,,,,,
,DDL_themis-Transformer_HybridParallel.txt-3d_switch_hetero.json-3d_switch_hetero_themis_scf.txt-100-16 8 8-8 4 1-25 25 50-1,0.000000,18656.525083,59.898745,51.800177,0.000000,1238.150620,268.168167,297.679562,14.509664,1.289620,1.289620,6.879831,21.828396,,,,,,,,,,,,,,,,,,,,,,,,,,,,,,,,,,,
,DDL_themis-Transformer_HybridParallel.txt-3d_fc_ring_switch.json-3d_fc_ring_switch_themis_scf.txt-100-8 16 8-7 4 1-25 25 50-1,0.000000,58635.866229,18.857219,24.338161,0.000000,352.759594,115.880115,1648.036946,51.066038,1.209931,1.209931,10.375705,176.834946,,,,,,,,,,,,,,,,,,,,,,,,,,,,,,,,,,,
,DDL_themis-Transformer_HybridParallel.txt-4d_ring_switch_switch_switch.json-4d_ring_switch_switch_switch_themis_scf.txt-100-4 4 8 8-2 8 4 1-125 25 25 50-1,0.000000,15085.086583,59.898745,51.800177,0.000000,1238.150620,268.168167,168.949062,10.949164,1.289620,1.289620,6.879831,21.828396,,,,,,,,,,,,,,,,,,,,,,,,,,,,,,,,,,,
,DDL_themis-Transformer_HybridParallel.txt-4d_ring_fc_ring_switch.json-4d_ring_fc_ring_switch_themis_scf.txt-100-4 8 4 8-2 7 6 1-187.5 25 25 100-1,0.000000,10190.536167,25.909125,28.692995,0.000000,917.945125,350.903380,126.602674,8.366547,0.833385,0.833385,5.653547,28.522007,,,,,,,,,,,,,,,,,,,,,,,,,,,,,,,,,,,
softmax,DDL_themis-Transformer_HybridParallel.txt-2d_switch.json-2d_switch_themis_scf.txt-100-16 64-6 1-25 100-1,,,,,,,,,,,,,,,,,,,,,,,,,,,,,,,,,,,,,,,,,,,,,,,,
,DDL_themis-Transformer_HybridParallel.txt-3d_switch_homo.json-3d_switch_homo_themis_scf.txt-100-16 8 8-4 4 1-25 25 100-1,,,,,,,,,,,,,,,,,,,,,,,,,,,,,,,,,,,,,,,,,,,,,,,,
,DDL_themis-Transformer_HybridParallel.txt-3d_switch_hetero.json-3d_switch_hetero_themis_scf.txt-100-16 8 8-8 4 1-25 25 50-1,,,,,,,,,,,,,,,,,,,,,,,,,,,,,,,,,,,,,,,,,,,,,,,,
,DDL_themis-Transformer_HybridParallel.txt-3d_fc_ring_switch.json-3d_fc_ring_switch_themis_scf.txt-100-8 16 8-7 4 1-25 25 50-1,,,,,,,,,,,,,,,,,,,,,,,,,,,,,,,,,,,,,,,,,,,,,,,,
,DDL_themis-Transformer_HybridParallel.txt-4d_ring_switch_switch_switch.json-4d_ring_switch_switch_switch_themis_scf.txt-100-4 4 8 8-2 8 4 1-125 25 25 50-1,,,,,,,,,,,,,,,,,,,,,,,,,,,,,,,,,,,,,,,,,,,,,,,,
,DDL_themis-Transformer_HybridParallel.txt-4d_ring_fc_ring_switch.json-4d_ring_fc_ring_switch_themis_scf.txt-100-4 8 4 8-2 7 6 1-187.5 25 25 100-1,,,,,,,,,,,,,,,,,,,,,,,,,,,,,,,,,,,,,,,,,,,,,,,,
,,,,,,,,,,,,,,,,,,,,,,,,,,,,,,,,,,,,,,,,,,,,,,,,,
,,,,,,,,,,,,,,,,,,,,,,,,,,,,,,,,,,,,,,,,,,,,,,,,,
,,,,,,,,,,,,,,,,,,,,,,,,,,,,,,,,,,,,,,,,,,,,,,,,,
,,,,,,,,,,,,,,,,,,,,,,,,,,,,,,,,,,,,,,,,,,,,,,,,,
,,,,,,,,,,,,,,,,,,,,,,,,,,,,,,,,,,,,,,,,,,,,,,,,,
,,,,,,,,,,,,,,,,,,,,,,,,,,,,,,,,,,,,,,,,,,,,,,,,,
,,,,,,,,,,,,,,,,,,,,,,,,,,,,,,,,,,,,,,,,,,,,,,,,,
,,,,,,,,,,,,,,,,,,,,,,,,,,,,,,,,,,,,,,,,,,,,,,,,,
,,,,,,,,,,,,,,,,,,,,,,,,,,,,,,,,,,,,,,,,,,,,,,,,,
,,,,,,,,,,,,,,,,,,,,,,,,,,,,,,,,,,,,,,,,,,,,,,,,,
,,,,,,,,,,,,,,,,,,,,,,,,,,,,,,,,,,,,,,,,,,,,,,,,,
,,,,,,,,,,,,,,,,,,,,,,,,,,,,,,,,,,,,,,,,,,,,,,,,,
,,,,,,,,,,,,,,,,,,,,,,,,,,,,,,,,,,,,,,,,,,,,,,,,,
,,,,,,,,,,,,,,,,,,,,,,,,,,,,,,,,,,,,,,,,,,,,,,,,,
,,,,,,,,,,,,,,,,,,,,,,,,,,,,,,,,,,,,,,,,,,,,,,,,,
,,,,,,,,,,,,,,,,,,,,,,,,,,,,,,,,,,,,,,,,,,,,,,,,,
,,,,,,,,,,,,,,,,,,,,,,,,,,,,,,,,,,,,,,,,,,,,,,,,,
,,,,,,,,,,,,,,,,,,,,,,,,,,,,,,,,,,,,,,,,,,,,,,,,,
,,,,,,,,,,,,,,,,,,,,,,,,,,,,,,,,,,,,,,,,,,,,,,,,,
