,,queuing delay phase 0,queuing delay phase 1,queuing delay phase 2,network delay phase 1,network delay phase 2,avg chunk delay dimension 1,avg chunk delay dimension 2,,,,,,,,,,,,,,,,,,,,,,,,,,,,,,,,,,,,,,,,,
layer_64_2_mlp0,DDL_themis-MLP_HybridParallel_Data_Model.txt-2d_switch.json-2d_switch_themis_scf.txt-100-16 64-6 1-25 100-1,0.000000,227.006000,0.000000,0.731042,0.045667,4.543875,1.083333,,,,,,,,,,,,,,,,,,,,,,,,,,,,,,,,,,,,,,,,,
,DDL_themis-MLP_HybridParallel_Data_Model.txt-3d_switch_homo.json-3d_switch_homo_themis_scf.txt-100-16 8 8-4 4 1-25 25 100-1,0.000000,133.844125,0.118555,5.034797,3.964961,1.108000,0.010833,0.010833,0.080500,6.810812,0.542167,0.542167,,,,,,,,,,,,,,,,,,,,,,,,,,,,,,,,,,,,
,DDL_themis-MLP_HybridParallel_Data_Model.txt-3d_switch_hetero.json-3d_switch_hetero_themis_scf.txt-100-16 8 8-8 4 1-25 25 50-1,0.000000,70.602117,0.233437,58.170484,4.421812,0.617078,0.018021,0.018021,0.102953,3.410875,0.723875,0.712922,,,,,,,,,,,,,,,,,,,,,,,,,,,,,,,,,,,,
,DDL_themis-MLP_HybridParallel_Data_Model.txt-3d_fc_ring_switch.json-3d_fc_ring_switch_themis_scf.txt-100-8 16 8-7 4 1-25 25 50-1,0.000000,41.020227,0.252937,27.898281,4.758797,1.162099,0.007969,0.007969,0.066599,2.001813,0.735062,0.738479,,,,,,,,,,,,,,,,,,,,,,,,,,,,,,,,,,,,
,DDL_themis-MLP_HybridParallel_Data_Model.txt-4d_ring_switch_switch_switch.json-4d_ring_switch_switch_switch_themis_scf.txt-100-4 4 8 8-2 8 4 1-125 25 25 50-1,0.000000,13.049258,0.217891,0.118680,0.000000,5.003703,0.428898,0.174560,0.024072,0.004669,0.004669,0.024072,0.064495,0.717437,0.308409,0.322717,0.331440,,,,,,,,,,,,,,,,,,,,,,,,,,,,,,,
,DDL_themis-MLP_HybridParallel_Data_Model.txt-4d_ring_fc_ring_switch.json-4d_ring_fc_ring_switch_themis_scf.txt-100-4 8 4 8-2 7 6 1-187.5 25 25 100-1,0.000000,9.989844,0.080086,0.110758,0.000000,12.341492,0.706773,0.160633,0.017922,0.003133,0.003133,0.017922,0.086701,0.480250,0.257042,0.254738,0.268017,,,,,,,,,,,,,,,,,,,,,,,,,,,,,,,
,DDL_themis-MLP_HybridParallel_Data_Model.txt-2d_switch.json-2d_switch_themis_scf.txt-150-16 64-6 1-25 100-1,0.000000,346.240250,0.000000,1.095583,0.068083,6.810812,1.617500,,,,,,,,,,,,,,,,,,,,,,,,,,,,,,,,,,,,,,,,,
,DDL_themis-MLP_HybridParallel_Data_Model.txt-3d_switch_homo.json-3d_switch_homo_themis_scf.txt-150-16 8 8-4 4 1-25 25 100-1,0.000000,200.610500,0.172797,7.445563,5.880281,1.661375,0.015667,0.015667,0.120500,10.211063,0.809250,0.809250,,,,,,,,,,,,,,,,,,,,,,,,,,,,,,,,,,,,
,DDL_themis-MLP_HybridParallel_Data_Model.txt-3d_switch_hetero.json-3d_switch_hetero_themis_scf.txt-150-16 8 8-8 4 1-25 25 50-1,0.000000,105.953680,0.312633,92.740703,6.210680,0.924953,0.026448,0.026448,0.154203,5.110875,1.081703,1.064948,,,,,,,,,,,,,,,,,,,,,,,,,,,,,,,,,,,,
,DDL_themis-MLP_HybridParallel_Data_Model.txt-3d_fc_ring_switch.json-3d_fc_ring_switch_themis_scf.txt-150-8 16 8-7 4 1-25 25 50-1,0.000000,61.547305,0.369031,36.655922,8.355086,1.742677,0.011484,0.011484,0.099677,3.002063,1.092953,1.104083,,,,,,,,,,,,,,,,,,,,,,,,,,,,,,,,,,,,
,DDL_themis-MLP_HybridParallel_Data_Model.txt-4d_ring_switch_switch_switch.json-4d_ring_switch_switch_switch_themis_scf.txt-150-4 4 8 8-2 8 4 1-125 25 25 50-1,0.000000,19.355313,0.292172,0.208609,0.000000,9.064992,0.716609,0.261095,0.035595,0.006443,0.006443,0.035595,0.096585,1.073687,0.459219,0.479789,0.493312,,,,,,,,,,,,,,,,,,,,,,,,,,,,,,,
,DDL_themis-MLP_HybridParallel_Data_Model.txt-4d_ring_fc_ring_switch.json-4d_ring_fc_ring_switch_themis_scf.txt-150-4 8 4 8-2 7 6 1-187.5 25 25 100-1,0.000000,17.076766,0.138180,0.199758,0.000000,20.606594,1.135469,0.241250,0.026633,0.004297,0.004297,0.026633,0.131250,0.717437,0.384758,0.379445,0.399318,,,,,,,,,,,,,,,,,,,,,,,,,,,,,,,
,DDL_themis-MLP_HybridParallel_Data_Model.txt-2d_switch.json-2d_switch_themis_scf.txt-200-16 64-6 1-25 100-1,0.000000,465.858000,0.000000,1.460458,0.090583,9.077125,2.151167,,,,,,,,,,,,,,,,,,,,,,,,,,,,,,,,,,,,,,,,,
,DDL_themis-MLP_HybridParallel_Data_Model.txt-3d_switch_homo.json-3d_switch_homo_themis_scf.txt-200-16 8 8-4 4 1-25 25 100-1,0.000000,267.384375,0.228586,9.876141,7.804008,2.214583,0.020833,0.020833,0.160333,13.610500,1.076083,1.076083,,,,,,,,,,,,,,,,,,,,,,,,,,,,,,,,,,,,
,DDL_themis-MLP_HybridParallel_Data_Model.txt-3d_switch_hetero.json-3d_switch_hetero_themis_scf.txt-200-16 8 8-8 4 1-25 25 50-1,0.000000,141.695383,0.551242,54.090391,8.417742,1.232786,0.035089,0.035089,0.205240,6.810812,1.439245,1.417388,,,,,,,,,,,,,,,,,,,,,,,,,,,,,,,,,,,,
,DDL_themis-MLP_HybridParallel_Data_Model.txt-3d_fc_ring_switch.json-3d_fc_ring_switch_themis_scf.txt-200-8 16 8-7 4 1-25 25 50-1,0.000000,82.217195,0.467641,115.154398,9.953539,2.323198,0.015219,0.015219,0.132641,4.001500,1.446547,1.469206,,,,,,,,,,,,,,,,,,,,,,,,,,,,,,,,,,,,
,DDL_themis-MLP_HybridParallel_Data_Model.txt-4d_ring_switch_switch_switch.json-4d_ring_switch_switch_switch_themis_scf.txt-200-4 4 8 8-2 8 4 1-125 25 25 50-1,0.000000,25.889867,0.257523,0.333570,0.000000,17.843406,1.153586,0.352897,0.041647,0.009036,0.009036,0.041647,0.133382,1.428250,0.610372,0.637039,0.654404,,,,,,,,,,,,,,,,,,,,,,,,,,,,,,,
,DDL_themis-MLP_HybridParallel_Data_Model.txt-4d_ring_fc_ring_switch.json-4d_ring_fc_ring_switch_themis_scf.txt-200-4 8 4 8-2 7 6 1-187.5 25 25 100-1,0.000000,19.503406,0.184297,0.202742,0.000000,21.454109,1.563703,0.321495,0.034857,0.005714,0.005714,0.034857,0.174995,0.955000,0.511948,0.503719,0.529135,,,,,,,,,,,,,,,,,,,,,,,,,,,,,,,
,,,,,,,,,,,,,,,,,,,,,,,,,,,,,,,,,,,,,,,,,,,,,,,,,
,,,,,,,,,,,,,,,,,,,,,,,,,,,,,,,,,,,,,,,,,,,,,,,,,
,,,,,,,,,,,,,,,,,,,,,,,,,,,,,,,,,,,,,,,,,,,,,,,,,
,,,,,,,,,,,,,,,,,,,,,,,,,,,,,,,,,,,,,,,,,,,,,,,,,
,,,,,,,,,,,,,,,,,,,,,,,,,,,,,,,,,,,,,,,,,,,,,,,,,
,,,,,,,,,,,,,,,,,,,,,,,,,,,,,,,,,,,,,,,,,,,,,,,,,
,,,,,,,,,,,,,,,,,,,,,,,,,,,,,,,,,,,,,,,,,,,,,,,,,
,,,,,,,,,,,,,,,,,,,,,,,,,,,,,,,,,,,,,,,,,,,,,,,,,
,,,,,,,,,,,,,,,,,,,,,,,,,,,,,,,,,,,,,,,,,,,,,,,,,
,,,,,,,,,,,,,,,,,,,,,,,,,,,,,,,,,,,,,,,,,,,,,,,,,
,,,,,,,,,,,,,,,,,,,,,,,,,,,,,,,,,,,,,,,,,,,,,,,,,
,,,,,,,,,,,,,,,,,,,,,,,,,,,,,,,,,,,,,,,,,,,,,,,,,
,,,,,,,,,,,,,,,,,,,,,,,,,,,,,,,,,,,,,,,,,,,,,,,,,
,,,,,,,,,,,,,,,,,,,,,,,,,,,,,,,,,,,,,,,,,,,,,,,,,
,,,,,,,,,,,,,,,,,,,,,,,,,,,,,,,,,,,,,,,,,,,,,,,,,
,,,,,,,,,,,,,,,,,,,,,,,,,,,,,,,,,,,,,,,,,,,,,,,,,
,,,,,,,,,,,,,,,,,,,,,,,,,,,,,,,,,,,,,,,,,,,,,,,,,
,,,,,,,,,,,,,,,,,,,,,,,,,,,,,,,,,,,,,,,,,,,,,,,,,
,,,,,,,,,,,,,,,,,,,,,,,,,,,,,,,,,,,,,,,,,,,,,,,,,
,,,,,,,,,,,,,,,,,,,,,,,,,,,,,,,,,,,,,,,,,,,,,,,,,
,,,,,,,,,,,,,,,,,,,,,,,,,,,,,,,,,,,,,,,,,,,,,,,,,
,,,,,,,,,,,,,,,,,,,,,,,,,,,,,,,,,,,,,,,,,,,,,,,,,
,,,,,,,,,,,,,,,,,,,,,,,,,,,,,,,,,,,,,,,,,,,,,,,,,
,,,,,,,,,,,,,,,,,,,,,,,,,,,,,,,,,,,,,,,,,,,,,,,,,
,,,,,,,,,,,,,,,,,,,,,,,,,,,,,,,,,,,,,,,,,,,,,,,,,
,,,,,,,,,,,,,,,,,,,,,,,,,,,,,,,,,,,,,,,,,,,,,,,,,
,,,,,,,,,,,,,,,,,,,,,,,,,,,,,,,,,,,,,,,,,,,,,,,,,
,,,,,,,,,,,,,,,,,,,,,,,,,,,,,,,,,,,,,,,,,,,,,,,,,
,,,,,,,,,,,,,,,,,,,,,,,,,,,,,,,,,,,,,,,,,,,,,,,,,
,,,,,,,,,,,,,,,,,,,,,,,,,,,,,,,,,,,,,,,,,,,,,,,,,
,,,,,,,,,,,,,,,,,,,,,,,,,,,,,,,,,,,,,,,,,,,,,,,,,
,,,,,,,,,,,,,,,,,,,,,,,,,,,,,,,,,,,,,,,,,,,,,,,,,
,,,,,,,,,,,,,,,,,,,,,,,,,,,,,,,,,,,,,,,,,,,,,,,,,
,,,,,,,,,,,,,,,,,,,,,,,,,,,,,,,,,,,,,,,,,,,,,,,,,
,,,,,,,,,,,,,,,,,,,,,,,,,,,,,,,,,,,,,,,,,,,,,,,,,
,,,,,,,,,,,,,,,,,,,,,,,,,,,,,,,,,,,,,,,,,,,,,,,,,
,,,,,,,,,,,,,,,,,,,,,,,,,,,,,,,,,,,,,,,,,,,,,,,,,
,,,,,,,,,,,,,,,,,,,,,,,,,,,,,,,,,,,,,,,,,,,,,,,,,
,,,,,,,,,,,,,,,,,,,,,,,,,,,,,,,,,,,,,,,,,,,,,,,,,
,,,,,,,,,,,,,,,,,,,,,,,,,,,,,,,,,,,,,,,,,,,,,,,,,
,,,,,,,,,,,,,,,,,,,,,,,,,,,,,,,,,,,,,,,,,,,,,,,,,
,,,,,,,,,,,,,,,,,,,,,,,,,,,,,,,,,,,,,,,,,,,,,,,,,
,,,,,,,,,,,,,,,,,,,,,,,,,,,,,,,,,,,,,,,,,,,,,,,,,
,,,,,,,,,,,,,,,,,,,,,,,,,,,,,,,,,,,,,,,,,,,,,,,,,
,,,,,,,,,,,,,,,,,,,,,,,,,,,,,,,,,,,,,,,,,,,,,,,,,
,,,,,,,,,,,,,,,,,,,,,,,,,,,,,,,,,,,,,,,,,,,,,,,,,
,,,,,,,,,,,,,,,,,,,,,,,,,,,,,,,,,,,,,,,,,,,,,,,,,
,,,,,,,,,,,,,,,,,,,,,,,,,,,,,,,,,,,,,,,,,,,,,,,,,
,,,,,,,,,,,,,,,,,,,,,,,,,,,,,,,,,,,,,,,,,,,,,,,,,
,,,,,,,,,,,,,,,,,,,,,,,,,,,,,,,,,,,,,,,,,,,,,,,,,
,,,,,,,,,,,,,,,,,,,,,,,,,,,,,,,,,,,,,,,,,,,,,,,,,
,,,,,,,,,,,,,,,,,,,,,,,,,,,,,,,,,,,,,,,,,,,,,,,,,
,,,,,,,,,,,,,,,,,,,,,,,,,,,,,,,,,,,,,,,,,,,,,,,,,
,,,,,,,,,,,,,,,,,,,,,,,,,,,,,,,,,,,,,,,,,,,,,,,,,
,,,,,,,,,,,,,,,,,,,,,,,,,,,,,,,,,,,,,,,,,,,,,,,,,
,,,,,,,,,,,,,,,,,,,,,,,,,,,,,,,,,,,,,,,,,,,,,,,,,
,,,,,,,,,,,,,,,,,,,,,,,,,,,,,,,,,,,,,,,,,,,,,,,,,
,,,,,,,,,,,,,,,,,,,,,,,,,,,,,,,,,,,,,,,,,,,,,,,,,
,,,,,,,,,,,,,,,,,,,,,,,,,,,,,,,,,,,,,,,,,,,,,,,,,
,,,,,,,,,,,,,,,,,,,,,,,,,,,,,,,,,,,,,,,,,,,,,,,,,
,,,,,,,,,,,,,,,,,,,,,,,,,,,,,,,,,,,,,,,,,,,,,,,,,
,,,,,,,,,,,,,,,,,,,,,,,,,,,,,,,,,,,,,,,,,,,,,,,,,
,,,,,,,,,,,,,,,,,,,,,,,,,,,,,,,,,,,,,,,,,,,,,,,,,
,,,,,,,,,,,,,,,,,,,,,,,,,,,,,,,,,,,,,,,,,,,,,,,,,
,,,,,,,,,,,,,,,,,,,,,,,,,,,,,,,,,,,,,,,,,,,,,,,,,
,,,,,,,,,,,,,,,,,,,,,,,,,,,,,,,,,,,,,,,,,,,,,,,,,
,,,,,,,,,,,,,,,,,,,,,,,,,,,,,,,,,,,,,,,,,,,,,,,,,
,,,,,,,,,,,,,,,,,,,,,,,,,,,,,,,,,,,,,,,,,,,,,,,,,
,,,,,,,,,,,,,,,,,,,,,,,,,,,,,,,,,,,,,,,,,,,,,,,,,
,,,,,,,,,,,,,,,,,,,,,,,,,,,,,,,,,,,,,,,,,,,,,,,,,
,,,,,,,,,,,,,,,,,,,,,,,,,,,,,,,,,,,,,,,,,,,,,,,,,
,,,,,,,,,,,,,,,,,,,,,,,,,,,,,,,,,,,,,,,,,,,,,,,,,
layer_64_2_mlp1,DDL_themis-MLP_HybridParallel_Data_Model.txt-2d_switch.json-2d_switch_themis_scf.txt-100-16 64-6 1-25 100-1,0.000000,205.740333,0.370000,0.897944,0.102694,,,,,,,,,,,,,,,,,,,,,,,,,,,,,,,,,,,,,,,,,,,
,DDL_themis-MLP_HybridParallel_Data_Model.txt-3d_switch_homo.json-3d_switch_homo_themis_scf.txt-100-16 8 8-4 4 1-25 25 100-1,0.000000,174.247833,0.079583,5.442583,4.934167,1.360806,0.087000,0.012000,0.093222,,,,,,,,,,,,,,,,,,,,,,,,,,,,,,,,,,,,,,,
,DDL_themis-MLP_HybridParallel_Data_Model.txt-3d_switch_hetero.json-3d_switch_hetero_themis_scf.txt-100-16 8 8-8 4 1-25 25 50-1,0.000000,91.461000,0.228911,53.239990,8.690661,0.753535,0.058135,0.020385,0.119285,,,,,,,,,,,,,,,,,,,,,,,,,,,,,,,,,,,,,,,
,DDL_themis-MLP_HybridParallel_Data_Model.txt-3d_fc_ring_switch.json-3d_fc_ring_switch_themis_scf.txt-100-8 16 8-7 4 1-25 25 50-1,0.000000,56.900432,0.238063,28.302349,8.509953,1.507691,0.167792,0.008792,0.077024,,,,,,,,,,,,,,,,,,,,,,,,,,,,,,,,,,,,,,,
,DDL_themis-MLP_HybridParallel_Data_Model.txt-4d_ring_switch_switch_switch.json-4d_ring_switch_switch_switch_themis_scf.txt-100-4 4 8 8-2 8 4 1-125 25 25 50-1,0.000000,21.121688,0.234901,0.175505,0.000000,5.125260,1.080229,0.237484,0.056933,0.005010,0.005010,0.024933,0.078151,,,,,,,,,,,,,,,,,,,,,,,,,,,,,,,,,,,
,DDL_themis-MLP_HybridParallel_Data_Model.txt-4d_ring_fc_ring_switch.json-4d_ring_fc_ring_switch_themis_scf.txt-100-4 8 4 8-2 7 6 1-187.5 25 25 100-1,0.000000,14.761536,0.102552,0.104620,0.000000,6.509615,1.971604,0.207882,0.041630,0.003260,0.003260,0.020297,0.101549,,,,,,,,,,,,,,,,,,,,,,,,,,,,,,,,,,,
,DDL_themis-MLP_HybridParallel_Data_Model.txt-2d_switch.json-2d_switch_themis_scf.txt-150-16 64-6 1-25 100-1,0.000000,309.916000,0.549333,1.346306,0.153722,,,,,,,,,,,,,,,,,,,,,,,,,,,,,,,,,,,,,,,,,,,
,DDL_themis-MLP_HybridParallel_Data_Model.txt-3d_switch_homo.json-3d_switch_homo_themis_scf.txt-150-16 8 8-4 4 1-25 25 100-1,0.000000,261.175750,0.118750,8.110000,7.362500,2.040556,0.130139,0.017889,0.139556,,,,,,,,,,,,,,,,,,,,,,,,,,,,,,,,,,,,,,,
,DDL_themis-MLP_HybridParallel_Data_Model.txt-3d_switch_hetero.json-3d_switch_hetero_themis_scf.txt-150-16 8 8-8 4 1-25 25 50-1,0.000000,137.048078,0.354146,81.567437,13.638245,1.129681,0.086681,0.030347,0.178681,,,,,,,,,,,,,,,,,,,,,,,,,,,,,,,,,,,,,,,
,DDL_themis-MLP_HybridParallel_Data_Model.txt-3d_fc_ring_switch.json-3d_fc_ring_switch_themis_scf.txt-150-8 16 8-7 4 1-25 25 50-1,0.000000,85.903083,0.376120,54.045385,21.963141,2.261813,0.251781,0.013115,0.115479,,,,,,,,,,,,,,,,,,,,,,,,,,,,,,,,,,,,,,,
,DDL_themis-MLP_HybridParallel_Data_Model.txt-4d_ring_switch_switch_switch.json-4d_ring_switch_switch_switch_themis_scf.txt-150-4 4 8 8-2 8 4 1-125 25 25 50-1,0.000000,31.651479,0.317755,0.252969,0.000000,7.454661,1.932297,0.355859,0.085155,0.007398,0.007398,0.037155,0.116859,,,,,,,,,,,,,,,,,,,,,,,,,,,,,,,,,,,
,DDL_themis-MLP_HybridParallel_Data_Model.txt-4d_ring_fc_ring_switch.json-4d_ring_fc_ring_switch_themis_scf.txt-150-4 8 4 8-2 7 6 1-187.5 25 25 100-1,0.000000,21.995370,0.161547,0.151672,0.000000,10.514495,1.424854,0.311726,0.062307,0.004830,0.004830,0.030307,0.152392,,,,,,,,,,,,,,,,,,,,,,,,,,,,,,,,,,,
,DDL_themis-MLP_HybridParallel_Data_Model.txt-2d_switch.json-2d_switch_themis_scf.txt-200-16 64-6 1-25 100-1,0.000000,414.209833,0.729333,1.794528,0.204528,,,,,,,,,,,,,,,,,,,,,,,,,,,,,,,,,,,,,,,,,,,
,DDL_themis-MLP_HybridParallel_Data_Model.txt-3d_switch_homo.json-3d_switch_homo_themis_scf.txt-200-16 8 8-4 4 1-25 25 100-1,0.000000,348.067083,0.157833,10.767083,9.785667,2.720056,0.173167,0.023667,0.185889,,,,,,,,,,,,,,,,,,,,,,,,,,,,,,,,,,,,,,,
,DDL_themis-MLP_HybridParallel_Data_Model.txt-3d_switch_hetero.json-3d_switch_hetero_themis_scf.txt-200-16 8 8-8 4 1-25 25 50-1,0.000000,223.950099,0.072411,39.902234,5.812656,1.505628,0.115358,0.040358,0.238045,,,,,,,,,,,,,,,,,,,,,,,,,,,,,,,,,,,,,,,
,DDL_themis-MLP_HybridParallel_Data_Model.txt-3d_fc_ring_switch.json-3d_fc_ring_switch_themis_scf.txt-200-8 16 8-7 4 1-25 25 50-1,0.000000,113.914365,0.477047,115.221214,24.612333,3.015229,0.335250,0.017250,0.153896,,,,,,,,,,,,,,,,,,,,,,,,,,,,,,,,,,,,,,,
,DDL_themis-MLP_HybridParallel_Data_Model.txt-4d_ring_switch_switch_switch.json-4d_ring_switch_switch_switch_themis_scf.txt-200-4 4 8 8-2 8 4 1-125 25 25 50-1,0.000000,41.937542,0.436229,0.379745,0.000000,10.179307,3.402547,0.473677,0.113092,0.009589,0.009589,0.049425,0.155677,,,,,,,,,,,,,,,,,,,,,,,,,,,,,,,,,,,
,DDL_themis-MLP_HybridParallel_Data_Model.txt-4d_ring_fc_ring_switch.json-4d_ring_fc_ring_switch_themis_scf.txt-200-4 8 4 8-2 7 6 1-187.5 25 25 100-1,0.000000,30.880000,0.215297,0.177781,0.000000,12.811750,7.816229,0.415309,0.083087,0.006194,0.006194,0.040420,0.202976,,,,,,,,,,,,,,,,,,,,,,,,,,,,,,,,,,,
,,,,,,,,,,,,,,,,,,,,,,,,,,,,,,,,,,,,,,,,,,,,,,,,,
,,,,,,,,,,,,,,,,,,,,,,,,,,,,,,,,,,,,,,,,,,,,,,,,,
,,,,,,,,,,,,,,,,,,,,,,,,,,,,,,,,,,,,,,,,,,,,,,,,,
,,,,,,,,,,,,,,,,,,,,,,,,,,,,,,,,,,,,,,,,,,,,,,,,,
,,,,,,,,,,,,,,,,,,,,,,,,,,,,,,,,,,,,,,,,,,,,,,,,,
,,,,,,,,,,,,,,,,,,,,,,,,,,,,,,,,,,,,,,,,,,,,,,,,,
,,,,,,,,,,,,,,,,,,,,,,,,,,,,,,,,,,,,,,,,,,,,,,,,,
,,,,,,,,,,,,,,,,,,,,,,,,,,,,,,,,,,,,,,,,,,,,,,,,,
,,,,,,,,,,,,,,,,,,,,,,,,,,,,,,,,,,,,,,,,,,,,,,,,,
,,,,,,,,,,,,,,,,,,,,,,,,,,,,,,,,,,,,,,,,,,,,,,,,,
,,,,,,,,,,,,,,,,,,,,,,,,,,,,,,,,,,,,,,,,,,,,,,,,,
,,,,,,,,,,,,,,,,,,,,,,,,,,,,,,,,,,,,,,,,,,,,,,,,,
,,,,,,,,,,,,,,,,,,,,,,,,,,,,,,,,,,,,,,,,,,,,,,,,,
,,,,,,,,,,,,,,,,,,,,,,,,,,,,,,,,,,,,,,,,,,,,,,,,,
,,,,,,,,,,,,,,,,,,,,,,,,,,,,,,,,,,,,,,,,,,,,,,,,,
,,,,,,,,,,,,,,,,,,,,,,,,,,,,,,,,,,,,,,,,,,,,,,,,,
,,,,,,,,,,,,,,,,,,,,,,,,,,,,,,,,,,,,,,,,,,,,,,,,,
,,,,,,,,,,,,,,,,,,,,,,,,,,,,,,,,,,,,,,,,,,,,,,,,,
,,,,,,,,,,,,,,,,,,,,,,,,,,,,,,,,,,,,,,,,,,,,,,,,,
,,,,,,,,,,,,,,,,,,,,,,,,,,,,,,,,,,,,,,,,,,,,,,,,,
,,,,,,,,,,,,,,,,,,,,,,,,,,,,,,,,,,,,,,,,,,,,,,,,,
,,,,,,,,,,,,,,,,,,,,,,,,,,,,,,,,,,,,,,,,,,,,,,,,,
,,,,,,,,,,,,,,,,,,,,,,,,,,,,,,,,,,,,,,,,,,,,,,,,,
,,,,,,,,,,,,,,,,,,,,,,,,,,,,,,,,,,,,,,,,,,,,,,,,,
,,,,,,,,,,,,,,,,,,,,,,,,,,,,,,,,,,,,,,,,,,,,,,,,,
,,,,,,,,,,,,,,,,,,,,,,,,,,,,,,,,,,,,,,,,,,,,,,,,,
,,,,,,,,,,,,,,,,,,,,,,,,,,,,,,,,,,,,,,,,,,,,,,,,,
,,,,,,,,,,,,,,,,,,,,,,,,,,,,,,,,,,,,,,,,,,,,,,,,,
,,,,,,,,,,,,,,,,,,,,,,,,,,,,,,,,,,,,,,,,,,,,,,,,,
,,,,,,,,,,,,,,,,,,,,,,,,,,,,,,,,,,,,,,,,,,,,,,,,,
,,,,,,,,,,,,,,,,,,,,,,,,,,,,,,,,,,,,,,,,,,,,,,,,,
,,,,,,,,,,,,,,,,,,,,,,,,,,,,,,,,,,,,,,,,,,,,,,,,,
,,,,,,,,,,,,,,,,,,,,,,,,,,,,,,,,,,,,,,,,,,,,,,,,,
,,,,,,,,,,,,,,,,,,,,,,,,,,,,,,,,,,,,,,,,,,,,,,,,,
,,,,,,,,,,,,,,,,,,,,,,,,,,,,,,,,,,,,,,,,,,,,,,,,,
,,,,,,,,,,,,,,,,,,,,,,,,,,,,,,,,,,,,,,,,,,,,,,,,,
,,,,,,,,,,,,,,,,,,,,,,,,,,,,,,,,,,,,,,,,,,,,,,,,,
,,,,,,,,,,,,,,,,,,,,,,,,,,,,,,,,,,,,,,,,,,,,,,,,,
,,,,,,,,,,,,,,,,,,,,,,,,,,,,,,,,,,,,,,,,,,,,,,,,,
,,,,,,,,,,,,,,,,,,,,,,,,,,,,,,,,,,,,,,,,,,,,,,,,,
,,,,,,,,,,,,,,,,,,,,,,,,,,,,,,,,,,,,,,,,,,,,,,,,,
,,,,,,,,,,,,,,,,,,,,,,,,,,,,,,,,,,,,,,,,,,,,,,,,,
,,,,,,,,,,,,,,,,,,,,,,,,,,,,,,,,,,,,,,,,,,,,,,,,,
,,,,,,,,,,,,,,,,,,,,,,,,,,,,,,,,,,,,,,,,,,,,,,,,,
,,,,,,,,,,,,,,,,,,,,,,,,,,,,,,,,,,,,,,,,,,,,,,,,,
,,,,,,,,,,,,,,,,,,,,,,,,,,,,,,,,,,,,,,,,,,,,,,,,,
,,,,,,,,,,,,,,,,,,,,,,,,,,,,,,,,,,,,,,,,,,,,,,,,,
,,,,,,,,,,,,,,,,,,,,,,,,,,,,,,,,,,,,,,,,,,,,,,,,,
,,,,,,,,,,,,,,,,,,,,,,,,,,,,,,,,,,,,,,,,,,,,,,,,,
,,,,,,,,,,,,,,,,,,,,,,,,,,,,,,,,,,,,,,,,,,,,,,,,,
,,,,,,,,,,,,,,,,,,,,,,,,,,,,,,,,,,,,,,,,,,,,,,,,,
,,,,,,,,,,,,,,,,,,,,,,,,,,,,,,,,,,,,,,,,,,,,,,,,,
,,,,,,,,,,,,,,,,,,,,,,,,,,,,,,,,,,,,,,,,,,,,,,,,,
,,,,,,,,,,,,,,,,,,,,,,,,,,,,,,,,,,,,,,,,,,,,,,,,,
,,,,,,,,,,,,,,,,,,,,,,,,,,,,,,,,,,,,,,,,,,,,,,,,,
,,,,,,,,,,,,,,,,,,,,,,,,,,,,,,,,,,,,,,,,,,,,,,,,,
,,,,,,,,,,,,,,,,,,,,,,,,,,,,,,,,,,,,,,,,,,,,,,,,,
,,,,,,,,,,,,,,,,,,,,,,,,,,,,,,,,,,,,,,,,,,,,,,,,,
,,,,,,,,,,,,,,,,,,,,,,,,,,,,,,,,,,,,,,,,,,,,,,,,,
,,,,,,,,,,,,,,,,,,,,,,,,,,,,,,,,,,,,,,,,,,,,,,,,,
,,,,,,,,,,,,,,,,,,,,,,,,,,,,,,,,,,,,,,,,,,,,,,,,,
,,,,,,,,,,,,,,,,,,,,,,,,,,,,,,,,,,,,,,,,,,,,,,,,,
,,,,,,,,,,,,,,,,,,,,,,,,,,,,,,,,,,,,,,,,,,,,,,,,,
,,,,,,,,,,,,,,,,,,,,,,,,,,,,,,,,,,,,,,,,,,,,,,,,,
,,,,,,,,,,,,,,,,,,,,,,,,,,,,,,,,,,,,,,,,,,,,,,,,,
,,,,,,,,,,,,,,,,,,,,,,,,,,,,,,,,,,,,,,,,,,,,,,,,,
,,,,,,,,,,,,,,,,,,,,,,,,,,,,,,,,,,,,,,,,,,,,,,,,,
,,,,,,,,,,,,,,,,,,,,,,,,,,,,,,,,,,,,,,,,,,,,,,,,,
,,,,,,,,,,,,,,,,,,,,,,,,,,,,,,,,,,,,,,,,,,,,,,,,,
,,,,,,,,,,,,,,,,,,,,,,,,,,,,,,,,,,,,,,,,,,,,,,,,,
,,,,,,,,,,,,,,,,,,,,,,,,,,,,,,,,,,,,,,,,,,,,,,,,,
,,,,,,,,,,,,,,,,,,,,,,,,,,,,,,,,,,,,,,,,,,,,,,,,,
layer_64_2_mlp2,DDL_themis-MLP_HybridParallel_Data_Model.txt-2d_switch.json-2d_switch_themis_scf.txt-100-16 64-6 1-25 100-1,0.000000,191.791000,0.000000,0.897944,0.102694,,,,,,,,,,,,,,,,,,,,,,,,,,,,,,,,,,,,,,,,,,,
,DDL_themis-MLP_HybridParallel_Data_Model.txt-3d_switch_homo.json-3d_switch_homo_themis_scf.txt-100-16 8 8-4 4 1-25 25 100-1,0.000000,174.247833,0.079583,5.442583,4.934167,1.360806,0.087000,0.012000,0.093222,,,,,,,,,,,,,,,,,,,,,,,,,,,,,,,,,,,,,,,
,DDL_themis-MLP_HybridParallel_Data_Model.txt-3d_switch_hetero.json-3d_switch_hetero_themis_scf.txt-100-16 8 8-8 4 1-25 25 50-1,0.000000,92.487656,0.235172,65.222922,17.889536,0.753535,0.058135,0.020385,0.119285,,,,,,,,,,,,,,,,,,,,,,,,,,,,,,,,,,,,,,,
,DDL_themis-MLP_HybridParallel_Data_Model.txt-3d_fc_ring_switch.json-3d_fc_ring_switch_themis_scf.txt-100-8 16 8-7 4 1-25 25 50-1,0.000000,57.026099,0.226594,35.175484,24.133901,1.507691,0.167792,0.008792,0.077024,,,,,,,,,,,,,,,,,,,,,,,,,,,,,,,,,,,,,,,
,DDL_themis-MLP_HybridParallel_Data_Model.txt-4d_ring_switch_switch_switch.json-4d_ring_switch_switch_switch_themis_scf.txt-100-4 4 8 8-2 8 4 1-125 25 25 50-1,0.000000,21.154396,0.211964,0.187609,0.000000,7.233359,1.779792,0.237484,0.056933,0.005010,0.005010,0.024933,0.078151,,,,,,,,,,,,,,,,,,,,,,,,,,,,,,,,,,,
,DDL_themis-MLP_HybridParallel_Data_Model.txt-4d_ring_fc_ring_switch.json-4d_ring_fc_ring_switch_themis_scf.txt-100-4 8 4 8-2 7 6 1-187.5 25 25 100-1,0.000000,14.790672,0.104188,0.108854,0.000000,9.963750,3.699354,0.207882,0.041630,0.003260,0.003260,0.020297,0.101549,,,,,,,,,,,,,,,,,,,,,,,,,,,,,,,,,,,
,DDL_themis-MLP_HybridParallel_Data_Model.txt-2d_switch.json-2d_switch_themis_scf.txt-150-16 64-6 1-25 100-1,0.000000,288.670667,0.000000,1.346306,0.153722,,,,,,,,,,,,,,,,,,,,,,,,,,,,,,,,,,,,,,,,,,,
,DDL_themis-MLP_HybridParallel_Data_Model.txt-3d_switch_homo.json-3d_switch_homo_themis_scf.txt-150-16 8 8-4 4 1-25 25 100-1,0.000000,261.175750,0.118750,8.110000,7.362500,2.040556,0.130139,0.017889,0.139556,,,,,,,,,,,,,,,,,,,,,,,,,,,,,,,,,,,,,,,
,DDL_themis-MLP_HybridParallel_Data_Model.txt-3d_switch_hetero.json-3d_switch_hetero_themis_scf.txt-150-16 8 8-8 4 1-25 25 50-1,0.000000,137.223536,0.364536,99.522271,30.537406,1.129681,0.086681,0.030347,0.178681,,,,,,,,,,,,,,,,,,,,,,,,,,,,,,,,,,,,,,,
,DDL_themis-MLP_HybridParallel_Data_Model.txt-3d_fc_ring_switch.json-3d_fc_ring_switch_themis_scf.txt-150-8 16 8-7 4 1-25 25 50-1,0.000000,85.610745,0.390677,83.846479,42.855620,2.261813,0.251781,0.013115,0.115479,,,,,,,,,,,,,,,,,,,,,,,,,,,,,,,,,,,,,,,
,DDL_themis-MLP_HybridParallel_Data_Model.txt-4d_ring_switch_switch_switch.json-4d_ring_switch_switch_switch_themis_scf.txt-150-4 4 8 8-2 8 4 1-125 25 25 50-1,0.000000,31.721104,0.305901,0.243016,0.000000,10.706255,3.285542,0.355859,0.085155,0.007398,0.007398,0.037155,0.116859,,,,,,,,,,,,,,,,,,,,,,,,,,,,,,,,,,,
,DDL_themis-MLP_HybridParallel_Data_Model.txt-4d_ring_fc_ring_switch.json-4d_ring_fc_ring_switch_themis_scf.txt-150-4 8 4 8-2 7 6 1-187.5 25 25 100-1,0.000000,22.037750,0.168807,0.164479,0.000000,15.892760,5.304964,0.311726,0.062307,0.004830,0.004830,0.030307,0.152392,,,,,,,,,,,,,,,,,,,,,,,,,,,,,,,,,,,
,DDL_themis-MLP_HybridParallel_Data_Model.txt-2d_switch.json-2d_switch_themis_scf.txt-200-16 64-6 1-25 100-1,0.000000,385.625833,0.000000,1.794528,0.204528,,,,,,,,,,,,,,,,,,,,,,,,,,,,,,,,,,,,,,,,,,,
,DDL_themis-MLP_HybridParallel_Data_Model.txt-3d_switch_homo.json-3d_switch_homo_themis_scf.txt-200-16 8 8-4 4 1-25 25 100-1,0.000000,348.067083,0.157833,10.767083,9.785667,2.720056,0.173167,0.023667,0.185889,,,,,,,,,,,,,,,,,,,,,,,,,,,,,,,,,,,,,,,
,DDL_themis-MLP_HybridParallel_Data_Model.txt-3d_switch_hetero.json-3d_switch_hetero_themis_scf.txt-200-16 8 8-8 4 1-25 25 50-1,0.000000,186.609927,0.325130,67.117604,22.486583,1.505628,0.115358,0.040358,0.238045,,,,,,,,,,,,,,,,,,,,,,,,,,,,,,,,,,,,,,,
,DDL_themis-MLP_HybridParallel_Data_Model.txt-3d_fc_ring_switch.json-3d_fc_ring_switch_themis_scf.txt-200-8 16 8-7 4 1-25 25 50-1,0.000000,114.221781,0.419000,154.058635,49.605115,3.015229,0.335250,0.017250,0.153896,,,,,,,,,,,,,,,,,,,,,,,,,,,,,,,,,,,,,,,
,DDL_themis-MLP_HybridParallel_Data_Model.txt-4d_ring_switch_switch_switch.json-4d_ring_switch_switch_switch_themis_scf.txt-200-4 4 8 8-2 8 4 1-125 25 25 50-1,0.000000,42.364297,0.421161,0.327115,0.000000,14.339833,5.162667,0.473677,0.113092,0.009589,0.009589,0.049425,0.155677,,,,,,,,,,,,,,,,,,,,,,,,,,,,,,,,,,,
,DDL_themis-MLP_HybridParallel_Data_Model.txt-4d_ring_fc_ring_switch.json-4d_ring_fc_ring_switch_themis_scf.txt-200-4 8 4 8-2 7 6 1-187.5 25 25 100-1,0.000000,29.151839,0.188156,0.230984,0.000000,18.700307,5.546635,0.415309,0.083087,0.006194,0.006194,0.040420,0.202976,,,,,,,,,,,,,,,,,,,,,,,,,,,,,,,,,,,
,,,,,,,,,,,,,,,,,,,,,,,,,,,,,,,,,,,,,,,,,,,,,,,,,
,,,,,,,,,,,,,,,,,,,,,,,,,,,,,,,,,,,,,,,,,,,,,,,,,
,,,,,,,,,,,,,,,,,,,,,,,,,,,,,,,,,,,,,,,,,,,,,,,,,
,,,,,,,,,,,,,,,,,,,,,,,,,,,,,,,,,,,,,,,,,,,,,,,,,
,,,,,,,,,,,,,,,,,,,,,,,,,,,,,,,,,,,,,,,,,,,,,,,,,
,,,,,,,,,,,,,,,,,,,,,,,,,,,,,,,,,,,,,,,,,,,,,,,,,
,,,,,,,,,,,,,,,,,,,,,,,,,,,,,,,,,,,,,,,,,,,,,,,,,
,,,,,,,,,,,,,,,,,,,,,,,,,,,,,,,,,,,,,,,,,,,,,,,,,
,,,,,,,,,,,,,,,,,,,,,,,,,,,,,,,,,,,,,,,,,,,,,,,,,
,,,,,,,,,,,,,,,,,,,,,,,,,,,,,,,,,,,,,,,,,,,,,,,,,
,,,,,,,,,,,,,,,,,,,,,,,,,,,,,,,,,,,,,,,,,,,,,,,,,
,,,,,,,,,,,,,,,,,,,,,,,,,,,,,,,,,,,,,,,,,,,,,,,,,
,,,,,,,,,,,,,,,,,,,,,,,,,,,,,,,,,,,,,,,,,,,,,,,,,
,,,,,,,,,,,,,,,,,,,,,,,,,,,,,,,,,,,,,,,,,,,,,,,,,
,,,,,,,,,,,,,,,,,,,,,,,,,,,,,,,,,,,,,,,,,,,,,,,,,
,,,,,,,,,,,,,,,,,,,,,,,,,,,,,,,,,,,,,,,,,,,,,,,,,
,,,,,,,,,,,,,,,,,,,,,,,,,,,,,,,,,,,,,,,,,,,,,,,,,
,,,,,,,,,,,,,,,,,,,,,,,,,,,,,,,,,,,,,,,,,,,,,,,,,
,,,,,,,,,,,,,,,,,,,,,,,,,,,,,,,,,,,,,,,,,,,,,,,,,
,,,,,,,,,,,,,,,,,,,,,,,,,,,,,,,,,,,,,,,,,,,,,,,,,
,,,,,,,,,,,,,,,,,,,,,,,,,,,,,,,,,,,,,,,,,,,,,,,,,
,,,,,,,,,,,,,,,,,,,,,,,,,,,,,,,,,,,,,,,,,,,,,,,,,
,,,,,,,,,,,,,,,,,,,,,,,,,,,,,,,,,,,,,,,,,,,,,,,,,
,,,,,,,,,,,,,,,,,,,,,,,,,,,,,,,,,,,,,,,,,,,,,,,,,
,,,,,,,,,,,,,,,,,,,,,,,,,,,,,,,,,,,,,,,,,,,,,,,,,
,,,,,,,,,,,,,,,,,,,,,,,,,,,,,,,,,,,,,,,,,,,,,,,,,
,,,,,,,,,,,,,,,,,,,,,,,,,,,,,,,,,,,,,,,,,,,,,,,,,
,,,,,,,,,,,,,,,,,,,,,,,,,,,,,,,,,,,,,,,,,,,,,,,,,
,,,,,,,,,,,,,,,,,,,,,,,,,,,,,,,,,,,,,,,,,,,,,,,,,
,,,,,,,,,,,,,,,,,,,,,,,,,,,,,,,,,,,,,,,,,,,,,,,,,
,,,,,,,,,,,,,,,,,,,,,,,,,,,,,,,,,,,,,,,,,,,,,,,,,
,,,,,,,,,,,,,,,,,,,,,,,,,,,,,,,,,,,,,,,,,,,,,,,,,
,,,,,,,,,,,,,,,,,,,,,,,,,,,,,,,,,,,,,,,,,,,,,,,,,
,,,,,,,,,,,,,,,,,,,,,,,,,,,,,,,,,,,,,,,,,,,,,,,,,
,,,,,,,,,,,,,,,,,,,,,,,,,,,,,,,,,,,,,,,,,,,,,,,,,
,,,,,,,,,,,,,,,,,,,,,,,,,,,,,,,,,,,,,,,,,,,,,,,,,
,,,,,,,,,,,,,,,,,,,,,,,,,,,,,,,,,,,,,,,,,,,,,,,,,
,,,,,,,,,,,,,,,,,,,,,,,,,,,,,,,,,,,,,,,,,,,,,,,,,
,,,,,,,,,,,,,,,,,,,,,,,,,,,,,,,,,,,,,,,,,,,,,,,,,
,,,,,,,,,,,,,,,,,,,,,,,,,,,,,,,,,,,,,,,,,,,,,,,,,
,,,,,,,,,,,,,,,,,,,,,,,,,,,,,,,,,,,,,,,,,,,,,,,,,
,,,,,,,,,,,,,,,,,,,,,,,,,,,,,,,,,,,,,,,,,,,,,,,,,
,,,,,,,,,,,,,,,,,,,,,,,,,,,,,,,,,,,,,,,,,,,,,,,,,
,,,,,,,,,,,,,,,,,,,,,,,,,,,,,,,,,,,,,,,,,,,,,,,,,
,,,,,,,,,,,,,,,,,,,,,,,,,,,,,,,,,,,,,,,,,,,,,,,,,
,,,,,,,,,,,,,,,,,,,,,,,,,,,,,,,,,,,,,,,,,,,,,,,,,
,,,,,,,,,,,,,,,,,,,,,,,,,,,,,,,,,,,,,,,,,,,,,,,,,
,,,,,,,,,,,,,,,,,,,,,,,,,,,,,,,,,,,,,,,,,,,,,,,,,
,,,,,,,,,,,,,,,,,,,,,,,,,,,,,,,,,,,,,,,,,,,,,,,,,
,,,,,,,,,,,,,,,,,,,,,,,,,,,,,,,,,,,,,,,,,,,,,,,,,
,,,,,,,,,,,,,,,,,,,,,,,,,,,,,,,,,,,,,,,,,,,,,,,,,
,,,,,,,,,,,,,,,,,,,,,,,,,,,,,,,,,,,,,,,,,,,,,,,,,
,,,,,,,,,,,,,,,,,,,,,,,,,,,,,,,,,,,,,,,,,,,,,,,,,
,,,,,,,,,,,,,,,,,,,,,,,,,,,,,,,,,,,,,,,,,,,,,,,,,
,,,,,,,,,,,,,,,,,,,,,,,,,,,,,,,,,,,,,,,,,,,,,,,,,
,,,,,,,,,,,,,,,,,,,,,,,,,,,,,,,,,,,,,,,,,,,,,,,,,
,,,,,,,,,,,,,,,,,,,,,,,,,,,,,,,,,,,,,,,,,,,,,,,,,
,,,,,,,,,,,,,,,,,,,,,,,,,,,,,,,,,,,,,,,,,,,,,,,,,
,,,,,,,,,,,,,,,,,,,,,,,,,,,,,,,,,,,,,,,,,,,,,,,,,
,,,,,,,,,,,,,,,,,,,,,,,,,,,,,,,,,,,,,,,,,,,,,,,,,
,,,,,,,,,,,,,,,,,,,,,,,,,,,,,,,,,,,,,,,,,,,,,,,,,
,,,,,,,,,,,,,,,,,,,,,,,,,,,,,,,,,,,,,,,,,,,,,,,,,
,,,,,,,,,,,,,,,,,,,,,,,,,,,,,,,,,,,,,,,,,,,,,,,,,
,,,,,,,,,,,,,,,,,,,,,,,,,,,,,,,,,,,,,,,,,,,,,,,,,
,,,,,,,,,,,,,,,,,,,,,,,,,,,,,,,,,,,,,,,,,,,,,,,,,
,,,,,,,,,,,,,,,,,,,,,,,,,,,,,,,,,,,,,,,,,,,,,,,,,
,,,,,,,,,,,,,,,,,,,,,,,,,,,,,,,,,,,,,,,,,,,,,,,,,
,,,,,,,,,,,,,,,,,,,,,,,,,,,,,,,,,,,,,,,,,,,,,,,,,
,,,,,,,,,,,,,,,,,,,,,,,,,,,,,,,,,,,,,,,,,,,,,,,,,
,,,,,,,,,,,,,,,,,,,,,,,,,,,,,,,,,,,,,,,,,,,,,,,,,
,,,,,,,,,,,,,,,,,,,,,,,,,,,,,,,,,,,,,,,,,,,,,,,,,
,,,,,,,,,,,,,,,,,,,,,,,,,,,,,,,,,,,,,,,,,,,,,,,,,
layer_64_2_mlp3,DDL_themis-MLP_HybridParallel_Data_Model.txt-2d_switch.json-2d_switch_themis_scf.txt-100-16 64-6 1-25 100-1,0.000000,325.414000,1.642000,2.018889,0.230139,,,,,,,,,,,,,,,,,,,,,,,,,,,,,,,,,,,,,,,,,,,
,DDL_themis-MLP_HybridParallel_Data_Model.txt-3d_switch_homo.json-3d_switch_homo_themis_scf.txt-100-16 8 8-4 4 1-25 25 100-1,0.000000,391.546667,0.177500,12.108500,11.005000,3.060028,0.194833,0.026667,0.209111,,,,,,,,,,,,,,,,,,,,,,,,,,,,,,,,,,,,,,,
,DDL_themis-MLP_HybridParallel_Data_Model.txt-3d_switch_hetero.json-3d_switch_hetero_themis_scf.txt-100-16 8 8-8 4 1-25 25 50-1,0.000000,223.916510,0.285974,81.628177,37.514984,1.693767,0.129851,0.045434,0.267767,,,,,,,,,,,,,,,,,,,,,,,,,,,,,,,,,,,,,,,
,DDL_themis-MLP_HybridParallel_Data_Model.txt-3d_fc_ring_switch.json-3d_fc_ring_switch_themis_scf.txt-100-8 16 8-7 4 1-25 25 50-1,0.000000,139.901672,0.401958,52.025984,58.260542,3.392104,0.377115,0.019448,0.173104,,,,,,,,,,,,,,,,,,,,,,,,,,,,,,,,,,,,,,,
,DDL_themis-MLP_HybridParallel_Data_Model.txt-4d_ring_switch_switch_switch.json-4d_ring_switch_switch_switch_themis_scf.txt-100-4 4 8 8-2 8 4 1-125 25 25 50-1,0.000000,47.232667,0.484849,0.427073,0.000000,12.329562,5.063932,0.533156,0.127306,0.010828,0.010828,0.055639,0.175156,,,,,,,,,,,,,,,,,,,,,,,,,,,,,,,,,,,
,DDL_themis-MLP_HybridParallel_Data_Model.txt-4d_ring_fc_ring_switch.json-4d_ring_fc_ring_switch_themis_scf.txt-100-4 8 4 8-2 7 6 1-187.5 25 25 100-1,0.000000,36.104464,0.170891,0.225953,0.000000,16.466432,4.565823,0.467347,0.093491,0.007010,0.007010,0.045491,0.228347,,,,,,,,,,,,,,,,,,,,,,,,,,,,,,,,,,,
,DDL_themis-MLP_HybridParallel_Data_Model.txt-2d_switch.json-2d_switch_themis_scf.txt-150-16 64-6 1-25 100-1,0.000000,488.917000,2.448000,3.027472,0.344722,,,,,,,,,,,,,,,,,,,,,,,,,,,,,,,,,,,,,,,,,,,
,DDL_themis-MLP_HybridParallel_Data_Model.txt-3d_switch_homo.json-3d_switch_homo_themis_scf.txt-150-16 8 8-4 4 1-25 25 100-1,0.000000,587.095417,0.265500,18.090750,16.461000,4.589278,0.291667,0.039667,0.313444,,,,,,,,,,,,,,,,,,,,,,,,,,,,,,,,,,,,,,,
,DDL_themis-MLP_HybridParallel_Data_Model.txt-3d_switch_hetero.json-3d_switch_hetero_themis_scf.txt-150-16 8 8-8 4 1-25 25 50-1,0.000000,334.429161,0.433443,123.472214,58.887552,2.539861,0.194028,0.067778,0.401444,,,,,,,,,,,,,,,,,,,,,,,,,,,,,,,,,,,,,,,
,DDL_themis-MLP_HybridParallel_Data_Model.txt-3d_fc_ring_switch.json-3d_fc_ring_switch_themis_scf.txt-150-8 16 8-7 4 1-25 25 50-1,0.000000,204.944010,0.628281,31.044099,60.711344,5.087823,0.565677,0.029010,0.259490,,,,,,,,,,,,,,,,,,,,,,,,,,,,,,,,,,,,,,,
,DDL_themis-MLP_HybridParallel_Data_Model.txt-4d_ring_switch_switch_switch.json-4d_ring_switch_switch_switch_themis_scf.txt-150-4 4 8 8-2 8 4 1-125 25 25 50-1,0.000000,71.266370,0.622990,0.641167,0.000000,17.691719,7.693234,0.799104,0.190427,0.016021,0.016021,0.083094,0.262438,,,,,,,,,,,,,,,,,,,,,,,,,,,,,,,,,,,
,DDL_themis-MLP_HybridParallel_Data_Model.txt-4d_ring_fc_ring_switch.json-4d_ring_fc_ring_switch_themis_scf.txt-150-4 8 4 8-2 7 6 1-187.5 25 25 100-1,0.000000,53.283760,0.306276,0.320849,0.000000,25.760708,9.831943,0.700535,0.139835,0.010417,0.010417,0.068168,0.342535,,,,,,,,,,,,,,,,,,,,,,,,,,,,,,,,,,,
,DDL_themis-MLP_HybridParallel_Data_Model.txt-2d_switch.json-2d_switch_themis_scf.txt-200-16 64-6 1-25 100-1,0.000000,652.505333,3.253333,4.036139,0.459222,,,,,,,,,,,,,,,,,,,,,,,,,,,,,,,,,,,,,,,,,,,
,DDL_themis-MLP_HybridParallel_Data_Model.txt-3d_switch_homo.json-3d_switch_homo_themis_scf.txt-200-16 8 8-4 4 1-25 25 100-1,0.000000,782.633583,0.353500,24.078250,21.917000,6.118417,0.388528,0.052778,0.417667,,,,,,,,,,,,,,,,,,,,,,,,,,,,,,,,,,,,,,,
,DDL_themis-MLP_HybridParallel_Data_Model.txt-3d_switch_hetero.json-3d_switch_hetero_themis_scf.txt-200-16 8 8-8 4 1-25 25 50-1,0.000000,440.207990,0.704292,90.038479,106.886625,3.385927,0.258399,0.090233,0.535010,,,,,,,,,,,,,,,,,,,,,,,,,,,,,,,,,,,,,,,
,DDL_themis-MLP_HybridParallel_Data_Model.txt-3d_fc_ring_switch.json-3d_fc_ring_switch_themis_scf.txt-200-8 16 8-7 4 1-25 25 50-1,0.000000,272.960526,0.877505,45.891240,80.208578,6.783503,0.753865,0.038531,0.345837,,,,,,,,,,,,,,,,,,,,,,,,,,,,,,,,,,,,,,,
,DDL_themis-MLP_HybridParallel_Data_Model.txt-4d_ring_switch_switch_switch.json-4d_ring_switch_switch_switch_themis_scf.txt-200-4 4 8 8-2 8 4 1-125 25 25 50-1,0.000000,95.716354,0.832385,0.727458,0.000000,25.999161,10.332839,1.065354,0.253980,0.021187,0.021187,0.110647,0.349687,,,,,,,,,,,,,,,,,,,,,,,,,,,,,,,,,,,
,DDL_themis-MLP_HybridParallel_Data_Model.txt-4d_ring_fc_ring_switch.json-4d_ring_fc_ring_switch_themis_scf.txt-200-4 8 4 8-2 7 6 1-187.5 25 25 100-1,0.000000,68.175938,0.433089,0.513542,0.000000,19.318526,10.790693,0.933906,0.186398,0.013757,0.013757,0.090731,0.456573,,,,,,,,,,,,,,,,,,,,,,,,,,,,,,,,,,,
,,,,,,,,,,,,,,,,,,,,,,,,,,,,,,,,,,,,,,,,,,,,,,,,,
,,,,,,,,,,,,,,,,,,,,,,,,,,,,,,,,,,,,,,,,,,,,,,,,,
,,,,,,,,,,,,,,,,,,,,,,,,,,,,,,,,,,,,,,,,,,,,,,,,,
,,,,,,,,,,,,,,,,,,,,,,,,,,,,,,,,,,,,,,,,,,,,,,,,,
,,,,,,,,,,,,,,,,,,,,,,,,,,,,,,,,,,,,,,,,,,,,,,,,,
,,,,,,,,,,,,,,,,,,,,,,,,,,,,,,,,,,,,,,,,,,,,,,,,,
,,,,,,,,,,,,,,,,,,,,,,,,,,,,,,,,,,,,,,,,,,,,,,,,,
,,,,,,,,,,,,,,,,,,,,,,,,,,,,,,,,,,,,,,,,,,,,,,,,,
,,,,,,,,,,,,,,,,,,,,,,,,,,,,,,,,,,,,,,,,,,,,,,,,,
,,,,,,,,,,,,,,,,,,,,,,,,,,,,,,,,,,,,,,,,,,,,,,,,,
,,,,,,,,,,,,,,,,,,,,,,,,,,,,,,,,,,,,,,,,,,,,,,,,,
,,,,,,,,,,,,,,,,,,,,,,,,,,,,,,,,,,,,,,,,,,,,,,,,,
,,,,,,,,,,,,,,,,,,,,,,,,,,,,,,,,,,,,,,,,,,,,,,,,,
,,,,,,,,,,,,,,,,,,,,,,,,,,,,,,,,,,,,,,,,,,,,,,,,,
,,,,,,,,,,,,,,,,,,,,,,,,,,,,,,,,,,,,,,,,,,,,,,,,,
,,,,,,,,,,,,,,,,,,,,,,,,,,,,,,,,,,,,,,,,,,,,,,,,,
,,,,,,,,,,,,,,,,,,,,,,,,,,,,,,,,,,,,,,,,,,,,,,,,,
,,,,,,,,,,,,,,,,,,,,,,,,,,,,,,,,,,,,,,,,,,,,,,,,,
,,,,,,,,,,,,,,,,,,,,,,,,,,,,,,,,,,,,,,,,,,,,,,,,,
,,,,,,,,,,,,,,,,,,,,,,,,,,,,,,,,,,,,,,,,,,,,,,,,,
,,,,,,,,,,,,,,,,,,,,,,,,,,,,,,,,,,,,,,,,,,,,,,,,,
,,,,,,,,,,,,,,,,,,,,,,,,,,,,,,,,,,,,,,,,,,,,,,,,,
,,,,,,,,,,,,,,,,,,,,,,,,,,,,,,,,,,,,,,,,,,,,,,,,,
,,,,,,,,,,,,,,,,,,,,,,,,,,,,,,,,,,,,,,,,,,,,,,,,,
,,,,,,,,,,,,,,,,,,,,,,,,,,,,,,,,,,,,,,,,,,,,,,,,,
,,,,,,,,,,,,,,,,,,,,,,,,,,,,,,,,,,,,,,,,,,,,,,,,,
,,,,,,,,,,,,,,,,,,,,,,,,,,,,,,,,,,,,,,,,,,,,,,,,,
,,,,,,,,,,,,,,,,,,,,,,,,,,,,,,,,,,,,,,,,,,,,,,,,,
,,,,,,,,,,,,,,,,,,,,,,,,,,,,,,,,,,,,,,,,,,,,,,,,,
,,,,,,,,,,,,,,,,,,,,,,,,,,,,,,,,,,,,,,,,,,,,,,,,,
,,,,,,,,,,,,,,,,,,,,,,,,,,,,,,,,,,,,,,,,,,,,,,,,,
,,,,,,,,,,,,,,,,,,,,,,,,,,,,,,,,,,,,,,,,,,,,,,,,,
,,,,,,,,,,,,,,,,,,,,,,,,,,,,,,,,,,,,,,,,,,,,,,,,,
,,,,,,,,,,,,,,,,,,,,,,,,,,,,,,,,,,,,,,,,,,,,,,,,,
,,,,,,,,,,,,,,,,,,,,,,,,,,,,,,,,,,,,,,,,,,,,,,,,,
,,,,,,,,,,,,,,,,,,,,,,,,,,,,,,,,,,,,,,,,,,,,,,,,,
,,,,,,,,,,,,,,,,,,,,,,,,,,,,,,,,,,,,,,,,,,,,,,,,,
,,,,,,,,,,,,,,,,,,,,,,,,,,,,,,,,,,,,,,,,,,,,,,,,,
,,,,,,,,,,,,,,,,,,,,,,,,,,,,,,,,,,,,,,,,,,,,,,,,,
,,,,,,,,,,,,,,,,,,,,,,,,,,,,,,,,,,,,,,,,,,,,,,,,,
,,,,,,,,,,,,,,,,,,,,,,,,,,,,,,,,,,,,,,,,,,,,,,,,,
,,,,,,,,,,,,,,,,,,,,,,,,,,,,,,,,,,,,,,,,,,,,,,,,,
,,,,,,,,,,,,,,,,,,,,,,,,,,,,,,,,,,,,,,,,,,,,,,,,,
,,,,,,,,,,,,,,,,,,,,,,,,,,,,,,,,,,,,,,,,,,,,,,,,,
,,,,,,,,,,,,,,,,,,,,,,,,,,,,,,,,,,,,,,,,,,,,,,,,,
,,,,,,,,,,,,,,,,,,,,,,,,,,,,,,,,,,,,,,,,,,,,,,,,,
,,,,,,,,,,,,,,,,,,,,,,,,,,,,,,,,,,,,,,,,,,,,,,,,,
,,,,,,,,,,,,,,,,,,,,,,,,,,,,,,,,,,,,,,,,,,,,,,,,,
,,,,,,,,,,,,,,,,,,,,,,,,,,,,,,,,,,,,,,,,,,,,,,,,,
,,,,,,,,,,,,,,,,,,,,,,,,,,,,,,,,,,,,,,,,,,,,,,,,,
,,,,,,,,,,,,,,,,,,,,,,,,,,,,,,,,,,,,,,,,,,,,,,,,,
,,,,,,,,,,,,,,,,,,,,,,,,,,,,,,,,,,,,,,,,,,,,,,,,,
,,,,,,,,,,,,,,,,,,,,,,,,,,,,,,,,,,,,,,,,,,,,,,,,,
,,,,,,,,,,,,,,,,,,,,,,,,,,,,,,,,,,,,,,,,,,,,,,,,,
,,,,,,,,,,,,,,,,,,,,,,,,,,,,,,,,,,,,,,,,,,,,,,,,,
,,,,,,,,,,,,,,,,,,,,,,,,,,,,,,,,,,,,,,,,,,,,,,,,,
,,,,,,,,,,,,,,,,,,,,,,,,,,,,,,,,,,,,,,,,,,,,,,,,,
,,,,,,,,,,,,,,,,,,,,,,,,,,,,,,,,,,,,,,,,,,,,,,,,,
,,,,,,,,,,,,,,,,,,,,,,,,,,,,,,,,,,,,,,,,,,,,,,,,,
,,,,,,,,,,,,,,,,,,,,,,,,,,,,,,,,,,,,,,,,,,,,,,,,,
,,,,,,,,,,,,,,,,,,,,,,,,,,,,,,,,,,,,,,,,,,,,,,,,,
,,,,,,,,,,,,,,,,,,,,,,,,,,,,,,,,,,,,,,,,,,,,,,,,,
,,,,,,,,,,,,,,,,,,,,,,,,,,,,,,,,,,,,,,,,,,,,,,,,,
,,,,,,,,,,,,,,,,,,,,,,,,,,,,,,,,,,,,,,,,,,,,,,,,,
,,,,,,,,,,,,,,,,,,,,,,,,,,,,,,,,,,,,,,,,,,,,,,,,,
,,,,,,,,,,,,,,,,,,,,,,,,,,,,,,,,,,,,,,,,,,,,,,,,,
,,,,,,,,,,,,,,,,,,,,,,,,,,,,,,,,,,,,,,,,,,,,,,,,,
,,,,,,,,,,,,,,,,,,,,,,,,,,,,,,,,,,,,,,,,,,,,,,,,,
,,,,,,,,,,,,,,,,,,,,,,,,,,,,,,,,,,,,,,,,,,,,,,,,,
,,,,,,,,,,,,,,,,,,,,,,,,,,,,,,,,,,,,,,,,,,,,,,,,,
,,,,,,,,,,,,,,,,,,,,,,,,,,,,,,,,,,,,,,,,,,,,,,,,,
,,,,,,,,,,,,,,,,,,,,,,,,,,,,,,,,,,,,,,,,,,,,,,,,,
layer_64_2_mlp4,DDL_themis-MLP_HybridParallel_Data_Model.txt-2d_switch.json-2d_switch_themis_scf.txt-100-16 64-6 1-25 100-1,0.000000,147.096667,0.000000,0.897944,0.102694,,,,,,,,,,,,,,,,,,,,,,,,,,,,,,,,,,,,,,,,,,,
,DDL_themis-MLP_HybridParallel_Data_Model.txt-3d_switch_homo.json-3d_switch_homo_themis_scf.txt-100-16 8 8-4 4 1-25 25 100-1,0.000000,174.247833,0.079583,5.442583,4.934167,1.360806,0.087000,0.012000,0.093222,,,,,,,,,,,,,,,,,,,,,,,,,,,,,,,,,,,,,,,
,DDL_themis-MLP_HybridParallel_Data_Model.txt-3d_switch_hetero.json-3d_switch_hetero_themis_scf.txt-100-16 8 8-8 4 1-25 25 50-1,0.000000,91.591370,0.214328,14.975219,4.850651,0.753535,0.058135,0.020385,0.119285,,,,,,,,,,,,,,,,,,,,,,,,,,,,,,,,,,,,,,,
,DDL_themis-MLP_HybridParallel_Data_Model.txt-3d_fc_ring_switch.json-3d_fc_ring_switch_themis_scf.txt-100-8 16 8-7 4 1-25 25 50-1,0.000000,56.940234,0.261240,22.179828,5.916844,1.507691,0.167792,0.008792,0.077024,,,,,,,,,,,,,,,,,,,,,,,,,,,,,,,,,,,,,,,
,DDL_themis-MLP_HybridParallel_Data_Model.txt-4d_ring_switch_switch_switch.json-4d_ring_switch_switch_switch_themis_scf.txt-100-4 4 8 8-2 8 4 1-125 25 25 50-1,0.000000,21.142682,0.225635,0.189443,0.000000,4.463573,1.268990,0.237484,0.056933,0.005010,0.005010,0.024933,0.078151,,,,,,,,,,,,,,,,,,,,,,,,,,,,,,,,,,,
,DDL_themis-MLP_HybridParallel_Data_Model.txt-4d_ring_fc_ring_switch.json-4d_ring_fc_ring_switch_themis_scf.txt-100-4 8 4 8-2 7 6 1-187.5 25 25 100-1,0.000000,14.812328,0.102333,0.101250,0.000000,5.209677,0.879927,0.207882,0.041630,0.003260,0.003260,0.020297,0.101549,,,,,,,,,,,,,,,,,,,,,,,,,,,,,,,,,,,
,DDL_themis-MLP_HybridParallel_Data_Model.txt-2d_switch.json-2d_switch_themis_scf.txt-150-16 64-6 1-25 100-1,0.000000,220.605667,0.000000,1.346306,0.153722,,,,,,,,,,,,,,,,,,,,,,,,,,,,,,,,,,,,,,,,,,,
,DDL_themis-MLP_HybridParallel_Data_Model.txt-3d_switch_homo.json-3d_switch_homo_themis_scf.txt-150-16 8 8-4 4 1-25 25 100-1,0.000000,261.175750,0.118750,8.110000,7.362500,2.040556,0.130139,0.017889,0.139556,,,,,,,,,,,,,,,,,,,,,,,,,,,,,,,,,,,,,,,
,DDL_themis-MLP_HybridParallel_Data_Model.txt-3d_switch_hetero.json-3d_switch_hetero_themis_scf.txt-150-16 8 8-8 4 1-25 25 50-1,0.000000,137.244453,0.357406,22.437495,7.423021,1.129681,0.086681,0.030347,0.178681,,,,,,,,,,,,,,,,,,,,,,,,,,,,,,,,,,,,,,,
,DDL_themis-MLP_HybridParallel_Data_Model.txt-3d_fc_ring_switch.json-3d_fc_ring_switch_themis_scf.txt-150-8 16 8-7 4 1-25 25 50-1,0.000000,85.507385,0.336870,33.413896,9.358964,2.261813,0.251781,0.013115,0.115479,,,,,,,,,,,,,,,,,,,,,,,,,,,,,,,,,,,,,,,
,DDL_themis-MLP_HybridParallel_Data_Model.txt-4d_ring_switch_switch_switch.json-4d_ring_switch_switch_switch_themis_scf.txt-150-4 4 8 8-2 8 4 1-125 25 25 50-1,0.000000,31.532719,0.371708,0.274135,0.000000,7.334094,1.783557,0.355859,0.085155,0.007398,0.007398,0.037155,0.116859,,,,,,,,,,,,,,,,,,,,,,,,,,,,,,,,,,,
,DDL_themis-MLP_HybridParallel_Data_Model.txt-4d_ring_fc_ring_switch.json-4d_ring_fc_ring_switch_themis_scf.txt-150-4 8 4 8-2 7 6 1-187.5 25 25 100-1,0.000000,23.195927,0.155125,0.148729,0.000000,6.969839,1.534880,0.311726,0.062307,0.004830,0.004830,0.030307,0.152392,,,,,,,,,,,,,,,,,,,,,,,,,,,,,,,,,,,
,DDL_themis-MLP_HybridParallel_Data_Model.txt-2d_switch.json-2d_switch_themis_scf.txt-200-16 64-6 1-25 100-1,0.000000,294.104833,0.000000,1.794528,0.204528,,,,,,,,,,,,,,,,,,,,,,,,,,,,,,,,,,,,,,,,,,,
,DDL_themis-MLP_HybridParallel_Data_Model.txt-3d_switch_homo.json-3d_switch_homo_themis_scf.txt-200-16 8 8-4 4 1-25 25 100-1,0.000000,348.067083,0.157833,10.767083,9.785667,2.720056,0.173167,0.023667,0.185889,,,,,,,,,,,,,,,,,,,,,,,,,,,,,,,,,,,,,,,
,DDL_themis-MLP_HybridParallel_Data_Model.txt-3d_switch_hetero.json-3d_switch_hetero_themis_scf.txt-200-16 8 8-8 4 1-25 25 50-1,0.000000,182.489005,0.478052,36.368292,10.929557,1.505628,0.115358,0.040358,0.238045,,,,,,,,,,,,,,,,,,,,,,,,,,,,,,,,,,,,,,,
,DDL_themis-MLP_HybridParallel_Data_Model.txt-3d_fc_ring_switch.json-3d_fc_ring_switch_themis_scf.txt-200-8 16 8-7 4 1-25 25 50-1,0.000000,113.509422,0.491693,44.966073,12.887688,3.015229,0.335250,0.017250,0.153896,,,,,,,,,,,,,,,,,,,,,,,,,,,,,,,,,,,,,,,
,DDL_themis-MLP_HybridParallel_Data_Model.txt-4d_ring_switch_switch_switch.json-4d_ring_switch_switch_switch_themis_scf.txt-200-4 4 8 8-2 8 4 1-125 25 25 50-1,0.000000,41.932875,0.437141,0.375000,0.000000,10.113781,2.229609,0.473677,0.113092,0.009589,0.009589,0.049425,0.155677,,,,,,,,,,,,,,,,,,,,,,,,,,,,,,,,,,,
,DDL_themis-MLP_HybridParallel_Data_Model.txt-4d_ring_fc_ring_switch.json-4d_ring_fc_ring_switch_themis_scf.txt-200-4 8 4 8-2 7 6 1-187.5 25 25 100-1,0.000000,30.564740,0.222385,0.183568,0.000000,7.521917,2.731479,0.415309,0.083087,0.006194,0.006194,0.040420,0.202976,,,,,,,,,,,,,,,,,,,,,,,,,,,,,,,,,,,
,,,,,,,,,,,,,,,,,,,,,,,,,,,,,,,,,,,,,,,,,,,,,,,,,
,,,,,,,,,,,,,,,,,,,,,,,,,,,,,,,,,,,,,,,,,,,,,,,,,
,,,,,,,,,,,,,,,,,,,,,,,,,,,,,,,,,,,,,,,,,,,,,,,,,
,,,,,,,,,,,,,,,,,,,,,,,,,,,,,,,,,,,,,,,,,,,,,,,,,
,,,,,,,,,,,,,,,,,,,,,,,,,,,,,,,,,,,,,,,,,,,,,,,,,
,,,,,,,,,,,,,,,,,,,,,,,,,,,,,,,,,,,,,,,,,,,,,,,,,
,,,,,,,,,,,,,,,,,,,,,,,,,,,,,,,,,,,,,,,,,,,,,,,,,
,,,,,,,,,,,,,,,,,,,,,,,,,,,,,,,,,,,,,,,,,,,,,,,,,
,,,,,,,,,,,,,,,,,,,,,,,,,,,,,,,,,,,,,,,,,,,,,,,,,
,,,,,,,,,,,,,,,,,,,,,,,,,,,,,,,,,,,,,,,,,,,,,,,,,
,,,,,,,,,,,,,,,,,,,,,,,,,,,,,,,,,,,,,,,,,,,,,,,,,
,,,,,,,,,,,,,,,,,,,,,,,,,,,,,,,,,,,,,,,,,,,,,,,,,
,,,,,,,,,,,,,,,,,,,,,,,,,,,,,,,,,,,,,,,,,,,,,,,,,
,,,,,,,,,,,,,,,,,,,,,,,,,,,,,,,,,,,,,,,,,,,,,,,,,
,,,,,,,,,,,,,,,,,,,,,,,,,,,,,,,,,,,,,,,,,,,,,,,,,
,,,,,,,,,,,,,,,,,,,,,,,,,,,,,,,,,,,,,,,,,,,,,,,,,
,,,,,,,,,,,,,,,,,,,,,,,,,,,,,,,,,,,,,,,,,,,,,,,,,
,,,,,,,,,,,,,,,,,,,,,,,,,,,,,,,,,,,,,,,,,,,,,,,,,
,,,,,,,,,,,,,,,,,,,,,,,,,,,,,,,,,,,,,,,,,,,,,,,,,
,,,,,,,,,,,,,,,,,,,,,,,,,,,,,,,,,,,,,,,,,,,,,,,,,
,,,,,,,,,,,,,,,,,,,,,,,,,,,,,,,,,,,,,,,,,,,,,,,,,
,,,,,,,,,,,,,,,,,,,,,,,,,,,,,,,,,,,,,,,,,,,,,,,,,
,,,,,,,,,,,,,,,,,,,,,,,,,,,,,,,,,,,,,,,,,,,,,,,,,
,,,,,,,,,,,,,,,,,,,,,,,,,,,,,,,,,,,,,,,,,,,,,,,,,
,,,,,,,,,,,,,,,,,,,,,,,,,,,,,,,,,,,,,,,,,,,,,,,,,
,,,,,,,,,,,,,,,,,,,,,,,,,,,,,,,,,,,,,,,,,,,,,,,,,
,,,,,,,,,,,,,,,,,,,,,,,,,,,,,,,,,,,,,,,,,,,,,,,,,
,,,,,,,,,,,,,,,,,,,,,,,,,,,,,,,,,,,,,,,,,,,,,,,,,
,,,,,,,,,,,,,,,,,,,,,,,,,,,,,,,,,,,,,,,,,,,,,,,,,
,,,,,,,,,,,,,,,,,,,,,,,,,,,,,,,,,,,,,,,,,,,,,,,,,
,,,,,,,,,,,,,,,,,,,,,,,,,,,,,,,,,,,,,,,,,,,,,,,,,
,,,,,,,,,,,,,,,,,,,,,,,,,,,,,,,,,,,,,,,,,,,,,,,,,
,,,,,,,,,,,,,,,,,,,,,,,,,,,,,,,,,,,,,,,,,,,,,,,,,
,,,,,,,,,,,,,,,,,,,,,,,,,,,,,,,,,,,,,,,,,,,,,,,,,
,,,,,,,,,,,,,,,,,,,,,,,,,,,,,,,,,,,,,,,,,,,,,,,,,
,,,,,,,,,,,,,,,,,,,,,,,,,,,,,,,,,,,,,,,,,,,,,,,,,
,,,,,,,,,,,,,,,,,,,,,,,,,,,,,,,,,,,,,,,,,,,,,,,,,
,,,,,,,,,,,,,,,,,,,,,,,,,,,,,,,,,,,,,,,,,,,,,,,,,
,,,,,,,,,,,,,,,,,,,,,,,,,,,,,,,,,,,,,,,,,,,,,,,,,
,,,,,,,,,,,,,,,,,,,,,,,,,,,,,,,,,,,,,,,,,,,,,,,,,
,,,,,,,,,,,,,,,,,,,,,,,,,,,,,,,,,,,,,,,,,,,,,,,,,
,,,,,,,,,,,,,,,,,,,,,,,,,,,,,,,,,,,,,,,,,,,,,,,,,
,,,,,,,,,,,,,,,,,,,,,,,,,,,,,,,,,,,,,,,,,,,,,,,,,
,,,,,,,,,,,,,,,,,,,,,,,,,,,,,,,,,,,,,,,,,,,,,,,,,
,,,,,,,,,,,,,,,,,,,,,,,,,,,,,,,,,,,,,,,,,,,,,,,,,
,,,,,,,,,,,,,,,,,,,,,,,,,,,,,,,,,,,,,,,,,,,,,,,,,
,,,,,,,,,,,,,,,,,,,,,,,,,,,,,,,,,,,,,,,,,,,,,,,,,
,,,,,,,,,,,,,,,,,,,,,,,,,,,,,,,,,,,,,,,,,,,,,,,,,
,,,,,,,,,,,,,,,,,,,,,,,,,,,,,,,,,,,,,,,,,,,,,,,,,
,,,,,,,,,,,,,,,,,,,,,,,,,,,,,,,,,,,,,,,,,,,,,,,,,
,,,,,,,,,,,,,,,,,,,,,,,,,,,,,,,,,,,,,,,,,,,,,,,,,
,,,,,,,,,,,,,,,,,,,,,,,,,,,,,,,,,,,,,,,,,,,,,,,,,
,,,,,,,,,,,,,,,,,,,,,,,,,,,,,,,,,,,,,,,,,,,,,,,,,
,,,,,,,,,,,,,,,,,,,,,,,,,,,,,,,,,,,,,,,,,,,,,,,,,
,,,,,,,,,,,,,,,,,,,,,,,,,,,,,,,,,,,,,,,,,,,,,,,,,
,,,,,,,,,,,,,,,,,,,,,,,,,,,,,,,,,,,,,,,,,,,,,,,,,
,,,,,,,,,,,,,,,,,,,,,,,,,,,,,,,,,,,,,,,,,,,,,,,,,
,,,,,,,,,,,,,,,,,,,,,,,,,,,,,,,,,,,,,,,,,,,,,,,,,
,,,,,,,,,,,,,,,,,,,,,,,,,,,,,,,,,,,,,,,,,,,,,,,,,
,,,,,,,,,,,,,,,,,,,,,,,,,,,,,,,,,,,,,,,,,,,,,,,,,
,,,,,,,,,,,,,,,,,,,,,,,,,,,,,,,,,,,,,,,,,,,,,,,,,
,,,,,,,,,,,,,,,,,,,,,,,,,,,,,,,,,,,,,,,,,,,,,,,,,
,,,,,,,,,,,,,,,,,,,,,,,,,,,,,,,,,,,,,,,,,,,,,,,,,
,,,,,,,,,,,,,,,,,,,,,,,,,,,,,,,,,,,,,,,,,,,,,,,,,
,,,,,,,,,,,,,,,,,,,,,,,,,,,,,,,,,,,,,,,,,,,,,,,,,
,,,,,,,,,,,,,,,,,,,,,,,,,,,,,,,,,,,,,,,,,,,,,,,,,
,,,,,,,,,,,,,,,,,,,,,,,,,,,,,,,,,,,,,,,,,,,,,,,,,
,,,,,,,,,,,,,,,,,,,,,,,,,,,,,,,,,,,,,,,,,,,,,,,,,
,,,,,,,,,,,,,,,,,,,,,,,,,,,,,,,,,,,,,,,,,,,,,,,,,
,,,,,,,,,,,,,,,,,,,,,,,,,,,,,,,,,,,,,,,,,,,,,,,,,
,,,,,,,,,,,,,,,,,,,,,,,,,,,,,,,,,,,,,,,,,,,,,,,,,
,,,,,,,,,,,,,,,,,,,,,,,,,,,,,,,,,,,,,,,,,,,,,,,,,
layer_64_2_mlp5,DDL_themis-MLP_HybridParallel_Data_Model.txt-2d_switch.json-2d_switch_themis_scf.txt-100-16 64-6 1-25 100-1,0.000000,133.014000,0.000000,0.897944,0.102694,,,,,,,,,,,,,,,,,,,,,,,,,,,,,,,,,,,,,,,,,,,
,DDL_themis-MLP_HybridParallel_Data_Model.txt-3d_switch_homo.json-3d_switch_homo_themis_scf.txt-100-16 8 8-4 4 1-25 25 100-1,0.000000,174.247833,0.079583,5.442583,4.934167,1.360806,0.087000,0.012000,0.093222,,,,,,,,,,,,,,,,,,,,,,,,,,,,,,,,,,,,,,,
,DDL_themis-MLP_HybridParallel_Data_Model.txt-3d_switch_hetero.json-3d_switch_hetero_themis_scf.txt-100-16 8 8-8 4 1-25 25 50-1,0.000000,91.982375,0.229802,20.409411,16.709677,0.753535,0.058135,0.020385,0.119285,,,,,,,,,,,,,,,,,,,,,,,,,,,,,,,,,,,,,,,
,DDL_themis-MLP_HybridParallel_Data_Model.txt-3d_fc_ring_switch.json-3d_fc_ring_switch_themis_scf.txt-100-8 16 8-7 4 1-25 25 50-1,0.000000,56.820120,0.240766,8.399875,13.338349,1.507691,0.167792,0.008792,0.077024,,,,,,,,,,,,,,,,,,,,,,,,,,,,,,,,,,,,,,,
,DDL_themis-MLP_HybridParallel_Data_Model.txt-4d_ring_switch_switch_switch.json-4d_ring_switch_switch_switch_themis_scf.txt-100-4 4 8 8-2 8 4 1-125 25 25 50-1,0.000000,21.154224,0.231099,0.184922,0.000000,5.831099,1.198125,0.237484,0.056933,0.005010,0.005010,0.024933,0.078151,,,,,,,,,,,,,,,,,,,,,,,,,,,,,,,,,,,
,DDL_themis-MLP_HybridParallel_Data_Model.txt-4d_ring_fc_ring_switch.json-4d_ring_fc_ring_switch_themis_scf.txt-100-4 8 4 8-2 7 6 1-187.5 25 25 100-1,0.000000,14.661563,0.092781,0.095432,0.000000,3.286943,2.316365,0.207882,0.041630,0.003260,0.003260,0.020297,0.101549,,,,,,,,,,,,,,,,,,,,,,,,,,,,,,,,,,,
,DDL_themis-MLP_HybridParallel_Data_Model.txt-2d_switch.json-2d_switch_themis_scf.txt-150-16 64-6 1-25 100-1,0.000000,199.227000,0.000000,1.346306,0.153722,,,,,,,,,,,,,,,,,,,,,,,,,,,,,,,,,,,,,,,,,,,
,DDL_themis-MLP_HybridParallel_Data_Model.txt-3d_switch_homo.json-3d_switch_homo_themis_scf.txt-150-16 8 8-4 4 1-25 25 100-1,0.000000,261.175750,0.118750,8.110000,7.362500,2.040556,0.130139,0.017889,0.139556,,,,,,,,,,,,,,,,,,,,,,,,,,,,,,,,,,,,,,,
,DDL_themis-MLP_HybridParallel_Data_Model.txt-3d_switch_hetero.json-3d_switch_hetero_themis_scf.txt-150-16 8 8-8 4 1-25 25 50-1,0.000000,137.766969,0.345578,30.506594,25.703469,1.129681,0.086681,0.030347,0.178681,,,,,,,,,,,,,,,,,,,,,,,,,,,,,,,,,,,,,,,
,DDL_themis-MLP_HybridParallel_Data_Model.txt-3d_fc_ring_switch.json-3d_fc_ring_switch_themis_scf.txt-150-8 16 8-7 4 1-25 25 50-1,0.000000,85.149312,0.364870,12.540823,19.870781,2.261813,0.251781,0.013115,0.115479,,,,,,,,,,,,,,,,,,,,,,,,,,,,,,,,,,,,,,,
,DDL_themis-MLP_HybridParallel_Data_Model.txt-4d_ring_switch_switch_switch.json-4d_ring_switch_switch_switch_themis_scf.txt-150-4 4 8 8-2 8 4 1-125 25 25 50-1,0.000000,31.624849,0.335969,0.282677,0.000000,8.798823,2.181687,0.355859,0.085155,0.007398,0.007398,0.037155,0.116859,,,,,,,,,,,,,,,,,,,,,,,,,,,,,,,,,,,
,DDL_themis-MLP_HybridParallel_Data_Model.txt-4d_ring_fc_ring_switch.json-4d_ring_fc_ring_switch_themis_scf.txt-150-4 8 4 8-2 7 6 1-187.5 25 25 100-1,0.000000,21.885135,0.158036,0.152333,0.000000,4.809786,2.359172,0.311726,0.062307,0.004830,0.004830,0.030307,0.152392,,,,,,,,,,,,,,,,,,,,,,,,,,,,,,,,,,,
,DDL_themis-MLP_HybridParallel_Data_Model.txt-2d_switch.json-2d_switch_themis_scf.txt-200-16 64-6 1-25 100-1,0.000000,265.387500,0.000000,1.794528,0.204528,,,,,,,,,,,,,,,,,,,,,,,,,,,,,,,,,,,,,,,,,,,
,DDL_themis-MLP_HybridParallel_Data_Model.txt-3d_switch_homo.json-3d_switch_homo_themis_scf.txt-200-16 8 8-4 4 1-25 25 100-1,0.000000,348.067083,0.157833,10.767083,9.785667,2.720056,0.173167,0.023667,0.185889,,,,,,,,,,,,,,,,,,,,,,,,,,,,,,,,,,,,,,,
,DDL_themis-MLP_HybridParallel_Data_Model.txt-3d_switch_hetero.json-3d_switch_hetero_themis_scf.txt-200-16 8 8-8 4 1-25 25 50-1,0.000000,182.308094,0.456104,15.631349,27.691615,1.505628,0.115358,0.040358,0.238045,,,,,,,,,,,,,,,,,,,,,,,,,,,,,,,,,,,,,,,
,DDL_themis-MLP_HybridParallel_Data_Model.txt-3d_fc_ring_switch.json-3d_fc_ring_switch_themis_scf.txt-200-8 16 8-7 4 1-25 25 50-1,0.000000,113.409901,0.486776,16.646094,26.721557,3.015229,0.335250,0.017250,0.153896,,,,,,,,,,,,,,,,,,,,,,,,,,,,,,,,,,,,,,,
,DDL_themis-MLP_HybridParallel_Data_Model.txt-4d_ring_switch_switch_switch.json-4d_ring_switch_switch_switch_themis_scf.txt-200-4 4 8 8-2 8 4 1-125 25 25 50-1,0.000000,41.975625,0.432729,0.378875,0.000000,11.001271,5.231667,0.473677,0.113092,0.009589,0.009589,0.049425,0.155677,,,,,,,,,,,,,,,,,,,,,,,,,,,,,,,,,,,
,DDL_themis-MLP_HybridParallel_Data_Model.txt-4d_ring_fc_ring_switch.json-4d_ring_fc_ring_switch_themis_scf.txt-200-4 8 4 8-2 7 6 1-187.5 25 25 100-1,0.000000,28.997198,0.208021,0.226854,0.000000,6.983953,2.974797,0.415309,0.083087,0.006194,0.006194,0.040420,0.202976,,,,,,,,,,,,,,,,,,,,,,,,,,,,,,,,,,,
,,,,,,,,,,,,,,,,,,,,,,,,,,,,,,,,,,,,,,,,,,,,,,,,,
,,,,,,,,,,,,,,,,,,,,,,,,,,,,,,,,,,,,,,,,,,,,,,,,,
,,,,,,,,,,,,,,,,,,,,,,,,,,,,,,,,,,,,,,,,,,,,,,,,,
,,,,,,,,,,,,,,,,,,,,,,,,,,,,,,,,,,,,,,,,,,,,,,,,,
,,,,,,,,,,,,,,,,,,,,,,,,,,,,,,,,,,,,,,,,,,,,,,,,,
,,,,,,,,,,,,,,,,,,,,,,,,,,,,,,,,,,,,,,,,,,,,,,,,,
,,,,,,,,,,,,,,,,,,,,,,,,,,,,,,,,,,,,,,,,,,,,,,,,,
,,,,,,,,,,,,,,,,,,,,,,,,,,,,,,,,,,,,,,,,,,,,,,,,,
,,,,,,,,,,,,,,,,,,,,,,,,,,,,,,,,,,,,,,,,,,,,,,,,,
,,,,,,,,,,,,,,,,,,,,,,,,,,,,,,,,,,,,,,,,,,,,,,,,,
,,,,,,,,,,,,,,,,,,,,,,,,,,,,,,,,,,,,,,,,,,,,,,,,,
,,,,,,,,,,,,,,,,,,,,,,,,,,,,,,,,,,,,,,,,,,,,,,,,,
,,,,,,,,,,,,,,,,,,,,,,,,,,,,,,,,,,,,,,,,,,,,,,,,,
,,,,,,,,,,,,,,,,,,,,,,,,,,,,,,,,,,,,,,,,,,,,,,,,,
,,,,,,,,,,,,,,,,,,,,,,,,,,,,,,,,,,,,,,,,,,,,,,,,,
,,,,,,,,,,,,,,,,,,,,,,,,,,,,,,,,,,,,,,,,,,,,,,,,,
,,,,,,,,,,,,,,,,,,,,,,,,,,,,,,,,,,,,,,,,,,,,,,,,,
,,,,,,,,,,,,,,,,,,,,,,,,,,,,,,,,,,,,,,,,,,,,,,,,,
,,,,,,,,,,,,,,,,,,,,,,,,,,,,,,,,,,,,,,,,,,,,,,,,,
,,,,,,,,,,,,,,,,,,,,,,,,,,,,,,,,,,,,,,,,,,,,,,,,,
,,,,,,,,,,,,,,,,,,,,,,,,,,,,,,,,,,,,,,,,,,,,,,,,,
,,,,,,,,,,,,,,,,,,,,,,,,,,,,,,,,,,,,,,,,,,,,,,,,,
,,,,,,,,,,,,,,,,,,,,,,,,,,,,,,,,,,,,,,,,,,,,,,,,,
,,,,,,,,,,,,,,,,,,,,,,,,,,,,,,,,,,,,,,,,,,,,,,,,,
,,,,,,,,,,,,,,,,,,,,,,,,,,,,,,,,,,,,,,,,,,,,,,,,,
,,,,,,,,,,,,,,,,,,,,,,,,,,,,,,,,,,,,,,,,,,,,,,,,,
,,,,,,,,,,,,,,,,,,,,,,,,,,,,,,,,,,,,,,,,,,,,,,,,,
,,,,,,,,,,,,,,,,,,,,,,,,,,,,,,,,,,,,,,,,,,,,,,,,,
,,,,,,,,,,,,,,,,,,,,,,,,,,,,,,,,,,,,,,,,,,,,,,,,,
,,,,,,,,,,,,,,,,,,,,,,,,,,,,,,,,,,,,,,,,,,,,,,,,,
,,,,,,,,,,,,,,,,,,,,,,,,,,,,,,,,,,,,,,,,,,,,,,,,,
,,,,,,,,,,,,,,,,,,,,,,,,,,,,,,,,,,,,,,,,,,,,,,,,,
,,,,,,,,,,,,,,,,,,,,,,,,,,,,,,,,,,,,,,,,,,,,,,,,,
,,,,,,,,,,,,,,,,,,,,,,,,,,,,,,,,,,,,,,,,,,,,,,,,,
,,,,,,,,,,,,,,,,,,,,,,,,,,,,,,,,,,,,,,,,,,,,,,,,,
,,,,,,,,,,,,,,,,,,,,,,,,,,,,,,,,,,,,,,,,,,,,,,,,,
,,,,,,,,,,,,,,,,,,,,,,,,,,,,,,,,,,,,,,,,,,,,,,,,,
,,,,,,,,,,,,,,,,,,,,,,,,,,,,,,,,,,,,,,,,,,,,,,,,,
,,,,,,,,,,,,,,,,,,,,,,,,,,,,,,,,,,,,,,,,,,,,,,,,,
,,,,,,,,,,,,,,,,,,,,,,,,,,,,,,,,,,,,,,,,,,,,,,,,,
,,,,,,,,,,,,,,,,,,,,,,,,,,,,,,,,,,,,,,,,,,,,,,,,,
,,,,,,,,,,,,,,,,,,,,,,,,,,,,,,,,,,,,,,,,,,,,,,,,,
,,,,,,,,,,,,,,,,,,,,,,,,,,,,,,,,,,,,,,,,,,,,,,,,,
,,,,,,,,,,,,,,,,,,,,,,,,,,,,,,,,,,,,,,,,,,,,,,,,,
,,,,,,,,,,,,,,,,,,,,,,,,,,,,,,,,,,,,,,,,,,,,,,,,,
,,,,,,,,,,,,,,,,,,,,,,,,,,,,,,,,,,,,,,,,,,,,,,,,,
,,,,,,,,,,,,,,,,,,,,,,,,,,,,,,,,,,,,,,,,,,,,,,,,,
,,,,,,,,,,,,,,,,,,,,,,,,,,,,,,,,,,,,,,,,,,,,,,,,,
,,,,,,,,,,,,,,,,,,,,,,,,,,,,,,,,,,,,,,,,,,,,,,,,,
,,,,,,,,,,,,,,,,,,,,,,,,,,,,,,,,,,,,,,,,,,,,,,,,,
,,,,,,,,,,,,,,,,,,,,,,,,,,,,,,,,,,,,,,,,,,,,,,,,,
,,,,,,,,,,,,,,,,,,,,,,,,,,,,,,,,,,,,,,,,,,,,,,,,,
,,,,,,,,,,,,,,,,,,,,,,,,,,,,,,,,,,,,,,,,,,,,,,,,,
,,,,,,,,,,,,,,,,,,,,,,,,,,,,,,,,,,,,,,,,,,,,,,,,,
,,,,,,,,,,,,,,,,,,,,,,,,,,,,,,,,,,,,,,,,,,,,,,,,,
,,,,,,,,,,,,,,,,,,,,,,,,,,,,,,,,,,,,,,,,,,,,,,,,,
,,,,,,,,,,,,,,,,,,,,,,,,,,,,,,,,,,,,,,,,,,,,,,,,,
,,,,,,,,,,,,,,,,,,,,,,,,,,,,,,,,,,,,,,,,,,,,,,,,,
,,,,,,,,,,,,,,,,,,,,,,,,,,,,,,,,,,,,,,,,,,,,,,,,,
,,,,,,,,,,,,,,,,,,,,,,,,,,,,,,,,,,,,,,,,,,,,,,,,,
,,,,,,,,,,,,,,,,,,,,,,,,,,,,,,,,,,,,,,,,,,,,,,,,,
,,,,,,,,,,,,,,,,,,,,,,,,,,,,,,,,,,,,,,,,,,,,,,,,,
,,,,,,,,,,,,,,,,,,,,,,,,,,,,,,,,,,,,,,,,,,,,,,,,,
,,,,,,,,,,,,,,,,,,,,,,,,,,,,,,,,,,,,,,,,,,,,,,,,,
,,,,,,,,,,,,,,,,,,,,,,,,,,,,,,,,,,,,,,,,,,,,,,,,,
,,,,,,,,,,,,,,,,,,,,,,,,,,,,,,,,,,,,,,,,,,,,,,,,,
,,,,,,,,,,,,,,,,,,,,,,,,,,,,,,,,,,,,,,,,,,,,,,,,,
,,,,,,,,,,,,,,,,,,,,,,,,,,,,,,,,,,,,,,,,,,,,,,,,,
,,,,,,,,,,,,,,,,,,,,,,,,,,,,,,,,,,,,,,,,,,,,,,,,,
,,,,,,,,,,,,,,,,,,,,,,,,,,,,,,,,,,,,,,,,,,,,,,,,,
,,,,,,,,,,,,,,,,,,,,,,,,,,,,,,,,,,,,,,,,,,,,,,,,,
,,,,,,,,,,,,,,,,,,,,,,,,,,,,,,,,,,,,,,,,,,,,,,,,,
,,,,,,,,,,,,,,,,,,,,,,,,,,,,,,,,,,,,,,,,,,,,,,,,,
,,,,,,,,,,,,,,,,,,,,,,,,,,,,,,,,,,,,,,,,,,,,,,,,,
,,,,,,,,,,,,,,,,,,,,,,,,,,,,,,,,,,,,,,,,,,,,,,,,,
,,,,,,,,,,,,,,,,,,,,,,,,,,,,,,,,,,,,,,,,,,,,,,,,,
,,,,,,,,,,,,,,,,,,,,,,,,,,,,,,,,,,,,,,,,,,,,,,,,,
,,,,,,,,,,,,,,,,,,,,,,,,,,,,,,,,,,,,,,,,,,,,,,,,,
,,,,,,,,,,,,,,,,,,,,,,,,,,,,,,,,,,,,,,,,,,,,,,,,,
,,,,,,,,,,,,,,,,,,,,,,,,,,,,,,,,,,,,,,,,,,,,,,,,,
,,,,,,,,,,,,,,,,,,,,,,,,,,,,,,,,,,,,,,,,,,,,,,,,,
,,,,,,,,,,,,,,,,,,,,,,,,,,,,,,,,,,,,,,,,,,,,,,,,,
,,,,,,,,,,,,,,,,,,,,,,,,,,,,,,,,,,,,,,,,,,,,,,,,,
,,,,,,,,,,,,,,,,,,,,,,,,,,,,,,,,,,,,,,,,,,,,,,,,,
,,,,,,,,,,,,,,,,,,,,,,,,,,,,,,,,,,,,,,,,,,,,,,,,,
,,,,,,,,,,,,,,,,,,,,,,,,,,,,,,,,,,,,,,,,,,,,,,,,,
,,,,,,,,,,,,,,,,,,,,,,,,,,,,,,,,,,,,,,,,,,,,,,,,,
,,,,,,,,,,,,,,,,,,,,,,,,,,,,,,,,,,,,,,,,,,,,,,,,,
,,,,,,,,,,,,,,,,,,,,,,,,,,,,,,,,,,,,,,,,,,,,,,,,,
,,,,,,,,,,,,,,,,,,,,,,,,,,,,,,,,,,,,,,,,,,,,,,,,,
,,,,,,,,,,,,,,,,,,,,,,,,,,,,,,,,,,,,,,,,,,,,,,,,,
